design_id,design_role,inside_all_idt_convex_hull,inside_exact_criterion_convex_hull,mechanism_id,temperature_K,pressure_bar,equivalence_ratio,cracking_ratio,criterion,reactor,flame_reactor_temperature_K,temperature_source_column,status,ignition_delay_s,final_temperature_K,max_temperature_K,integration_steps,converged,failure_reason,runtime_s
screen_0001,surrogate_screening,False,False,NUIG_2024,1200.0,5,0.6,0.0,max_dTdt,constant_volume,600.0,ignition_temperature_K,completed,0.03027681619417375,2541.821022999164,2541.821023152761,2894,True,,0.18356310000035592
screen_0002,surrogate_screening,False,False,NUIG_2024,1200.0,5,0.6,0.05,max_dTdt,constant_volume,600.0,ignition_temperature_K,completed,0.004488368157093771,2549.094434891257,2549.0944349727606,2728,True,,0.17169570000078238
screen_0003,surrogate_screening,False,False,NUIG_2024,1200.0,5,0.6,0.1,max_dTdt,constant_volume,600.0,ignition_temperature_K,completed,0.0011813873336172732,2556.3259214705813,2556.325921559089,2540,True,,0.17610719999993307
screen_0004,surrogate_screening,False,False,NUIG_2024,1200.0,5,0.6,0.2,max_dTdt,constant_volume,600.0,ignition_temperature_K,completed,0.0002952801478044243,2570.662916508326,2570.6629165734726,2352,True,,0.15595570000004955
screen_0005,surrogate_screening,False,False,NUIG_2024,1200.0,5,0.6,0.3,max_dTdt,constant_volume,600.0,ignition_temperature_K,completed,0.00012708874110112207,2584.8316929887833,2584.8316930487986,2235,True,,0.17682220000006055
screen_0006,surrogate_screening,False,False,NUIG_2024,1200.0,5,0.6,0.4,max_dTdt,constant_volume,600.0,ignition_temperature_K,completed,6.792457036829586e-05,2598.832082183795,2598.832082243796,2123,True,,0.136572200000046
screen_0007,surrogate_screening,False,False,NUIG_2024,1200.0,5,0.6,0.5,max_dTdt,constant_volume,600.0,ignition_temperature_K,completed,4.168022752126447e-05,2612.664061147235,2612.6640612090596,2321,True,,0.1764978000001065
screen_0008,surrogate_screening,False,False,NUIG_2024,1200.0,5,0.6,0.7,max_dTdt,constant_volume,600.0,ignition_temperature_K,completed,2.153261312740214e-05,2639.823419737217,2639.8234198062105,2466,True,,0.1577127999998993
screen_0009,surrogate_screening,False,False,NUIG_2024,1200.0,5,0.7,0.0,max_dTdt,constant_volume,600.0,ignition_temperature_K,completed,0.03036674959852471,2664.065324542702,2664.0653246629895,2955,True,,0.20985139999993407
screen_0010,surrogate_screening,False,False,NUIG_2024,1200.0,5,0.7,0.05,max_dTdt,constant_volume,600.0,ignition_temperature_K,completed,0.0038216967170036477,2671.3735549811704,2671.373555026455,2788,True,,0.2265304999991713
screen_0011,surrogate_screening,False,False,NUIG_2024,1200.0,5,0.7,0.1,max_dTdt,constant_volume,600.0,ignition_temperature_K,completed,0.0010393786652970545,2678.626706973841,2678.6267070149074,2472,True,,0.17041080000035436
screen_0012,surrogate_screening,False,False,NUIG_2024,1200.0,5,0.7,0.2,max_dTdt,constant_volume,600.0,ignition_temperature_K,completed,0.0002751419528791087,2692.9684499759373,2692.968450120577,2258,True,,0.16709529999934603
screen_0013,surrogate_screening,False,False,NUIG_2024,1200.0,5,0.7,0.3,max_dTdt,constant_volume,600.0,ignition_temperature_K,completed,0.00012164599034276925,2707.0920533139447,2707.09205338259,2238,True,,0.16325760000017908
screen_0014,surrogate_screening,False,False,NUIG_2024,1200.0,5,0.7,0.4,max_dTdt,constant_volume,600.0,ignition_temperature_K,completed,6.62036656702271e-05,2720.9992519209363,2720.999252014876,2273,True,,0.2006692999993902
screen_0015,surrogate_screening,False,False,NUIG_2024,1200.0,5,0.7,0.5,max_dTdt,constant_volume,600.0,ignition_temperature_K,completed,4.1106142557103426e-05,2734.692002818425,2734.6920028268323,2335,True,,0.16145940000023984
screen_0016,surrogate_screening,False,False,NUIG_2024,1200.0,5,0.7,0.7,max_dTdt,constant_volume,600.0,ignition_temperature_K,completed,2.1408456052972597e-05,2761.4430101146445,2761.443010119723,2200,True,,0.16006130000005214
screen_0017,surrogate_screening,False,False,NUIG_2024,1200.0,5,0.8,0.0,max_dTdt,constant_volume,600.0,ignition_temperature_K,completed,0.030540645857747534,2764.1808231061427,2764.1808231718483,3134,True,,0.2098668999997244
screen_0018,surrogate_screening,False,False,NUIG_2024,1200.0,5,0.8,0.05,max_dTdt,constant_volume,600.0,ignition_temperature_K,completed,0.003388052874723903,2771.246229583205,2771.246229636821,2782,True,,0.1745175999994899
screen_0019,surrogate_screening,False,False,NUIG_2024,1200.0,5,0.8,0.1,max_dTdt,constant_volume,600.0,ignition_temperature_K,completed,0.0009544073691876672,2778.247072443208,2778.2470724475056,2690,True,,0.2025893999998516
screen_0020,surrogate_screening,False,False,NUIG_2024,1200.0,5,0.8,0.2,max_dTdt,constant_volume,600.0,ignition_temperature_K,completed,0.0002632377323364253,2792.0574947676337,2792.0574948649955,2372,True,,0.15598080000017944
screen_0021,surrogate_screening,False,False,NUIG_2024,1200.0,5,0.8,0.3,max_dTdt,constant_volume,600.0,ignition_temperature_K,completed,0.00011872310821387067,2805.6170587195274,2805.617058777778,2312,True,,0.15492970000013884
screen_0022,surrogate_screening,False,False,NUIG_2024,1200.0,5,0.8,0.4,max_dTdt,constant_volume,600.0,ignition_temperature_K,completed,6.549325210733856e-05,2818.9308884879806,2818.9308891230635,2316,True,,0.15151129999958357
screen_0023,surrogate_screening,False,False,NUIG_2024,1200.0,5,0.8,0.5,max_dTdt,constant_volume,600.0,ignition_temperature_K,completed,4.1025575740742354e-05,2832.0042324171322,2832.0042325371014,2418,True,,0.18633059999956458
screen_0024,surrogate_screening,False,False,NUIG_2024,1200.0,5,0.8,0.7,max_dTdt,constant_volume,600.0,ignition_temperature_K,completed,2.147878114335803e-05,2857.450873288317,2857.4508733033795,2345,True,,0.1758546999999453
screen_0025,surrogate_screening,False,False,NUIG_2024,1200.0,5,0.9,0.0,max_dTdt,constant_volume,600.0,ignition_temperature_K,completed,0.030780759030961065,2839.272404567003,2839.2724045700697,2971,True,,0.21561910000036733
screen_0026,surrogate_screening,False,False,NUIG_2024,1200.0,5,0.9,0.05,max_dTdt,constant_volume,600.0,ignition_temperature_K,completed,0.003097666559117926,2845.9212427636858,2845.9212428088863,2825,True,,0.18212560000029043
screen_0027,surrogate_screening,False,False,NUIG_2024,1200.0,5,0.9,0.1,max_dTdt,constant_volume,600.0,ignition_temperature_K,completed,0.0009010325808942342,2852.5064509085228,2852.5064509390227,2547,True,,0.1818786000003456
screen_0028,surrogate_screening,False,False,NUIG_2024,1200.0,5,0.9,0.2,max_dTdt,constant_volume,600.0,ignition_temperature_K,completed,0.00025633630307941147,2865.4897504964542,2865.4897505944004,2275,True,,0.1620042000004105
screen_0029,surrogate_screening,False,False,NUIG_2024,1200.0,5,0.9,0.3,max_dTdt,constant_volume,600.0,ignition_temperature_K,completed,0.00011741311275543285,2878.229745369722,2878.229745426803,2363,True,,0.16933160000007774
screen_0030,surrogate_screening,True,False,NUIG_2024,1200.0,5,0.9,0.4,max_dTdt,constant_volume,600.0,ignition_temperature_K,completed,6.545712267024155e-05,2890.733702394038,2890.7337024736235,2302,True,,0.14904889999979787
screen_0031,surrogate_screening,False,False,NUIG_2024,1200.0,5,0.9,0.5,max_dTdt,constant_volume,600.0,ignition_temperature_K,completed,4.127927828113028e-05,2903.0087034498865,2903.008703587095,2317,True,,0.16177460000017163
screen_0032,surrogate_screening,False,False,NUIG_2024,1200.0,5,0.9,0.7,max_dTdt,constant_volume,600.0,ignition_temperature_K,completed,2.1681892335266497e-05,2926.8992027454847,2926.899202783856,2393,True,,0.1315180000001419
screen_0033,surrogate_screening,False,False,NUIG_2024,1200.0,5,1.0,0.0,max_dTdt,constant_volume,600.0,ignition_temperature_K,completed,0.031075242451451515,2883.218531030709,2883.218531139401,2940,True,,0.2168271000000459
screen_0034,surrogate_screening,False,False,NUIG_2024,1200.0,5,1.0,0.05,max_dTdt,constant_volume,600.0,ignition_temperature_K,completed,0.002898837564672849,2889.6877206733852,2889.6877207652096,2728,True,,0.18108599999959551
screen_0035,surrogate_screening,False,False,NUIG_2024,1200.0,5,1.0,0.1,max_dTdt,constant_volume,600.0,ignition_temperature_K,completed,0.0008669143421099504,2896.097817584558,2896.097817595862,2389,True,,0.17084410000006756
screen_0036,surrogate_screening,False,False,NUIG_2024,1200.0,5,1.0,0.2,max_dTdt,constant_volume,600.0,ignition_temperature_K,completed,0.0002527038090493237,2908.7440416108893,2908.744041623281,2386,True,,0.1659758999994665
screen_0037,surrogate_screening,True,False,NUIG_2024,1200.0,5,1.0,0.3,max_dTdt,constant_volume,600.0,ignition_temperature_K,completed,0.00011719306684635469,2921.163724453687,2921.1637244764306,2309,True,,0.1727930999995806
screen_0038,surrogate_screening,True,False,NUIG_2024,1200.0,5,1.0,0.4,max_dTdt,constant_volume,600.0,ignition_temperature_K,completed,6.589137902020042e-05,2933.363235093565,2933.363235104489,2295,True,,0.15426109999953042
screen_0039,surrogate_screening,True,False,NUIG_2024,1200.0,5,1.0,0.5,max_dTdt,constant_volume,600.0,ignition_temperature_K,completed,4.1774681011360006e-05,2945.348786806667,2945.348786816176,2245,True,,0.14093490000050224
screen_0040,surrogate_screening,False,False,NUIG_2024,1200.0,5,1.0,0.7,max_dTdt,constant_volume,600.0,ignition_temperature_K,completed,2.1984769761240536e-05,2968.7020728080875,2968.702072820471,2346,True,,0.16003700000055687
screen_0041,surrogate_screening,False,False,NUIG_2024,1200.0,5,1.1,0.0,max_dTdt,constant_volume,600.0,ignition_temperature_K,completed,0.031415486602815304,2892.9257769733454,2892.9257770515765,2848,True,,0.1988759999994727
screen_0042,surrogate_screening,False,False,NUIG_2024,1200.0,5,1.1,0.05,max_dTdt,constant_volume,600.0,ignition_temperature_K,completed,0.0027608522836145713,2899.971783865226,2899.9717839098926,2736,True,,0.20378950000031182
screen_0043,surrogate_screening,False,False,NUIG_2024,1200.0,5,1.1,0.1,max_dTdt,constant_volume,600.0,ignition_temperature_K,completed,0.0008453932416177277,2906.937255904339,2906.937255909806,2577,True,,0.17902870000034454
screen_0044,surrogate_screening,False,False,NUIG_2024,1200.0,5,1.1,0.2,max_dTdt,constant_volume,600.0,ignition_temperature_K,completed,0.00025132249031530144,2920.6335409252756,2920.6335409353555,2279,True,,0.18903260000024602
screen_0045,surrogate_screening,True,False,NUIG_2024,1200.0,5,1.1,0.3,max_dTdt,constant_volume,600.0,ignition_temperature_K,completed,0.00011774079412797138,2934.028022356105,2934.0280223705577,2286,True,,0.167978999999832
screen_0046,surrogate_screening,True,False,NUIG_2024,1200.0,5,1.1,0.4,max_dTdt,constant_volume,600.0,ignition_temperature_K,completed,6.666161173100212e-05,2947.1333245039887,2947.133324532734,2201,True,,0.1704163000003973
screen_0047,surrogate_screening,True,False,NUIG_2024,1200.0,5,1.1,0.5,max_dTdt,constant_volume,600.0,ignition_temperature_K,completed,4.2447284811761966e-05,2959.96135464073,2959.9613546872397,2325,True,,0.15957600000001548
screen_0048,surrogate_screening,False,False,NUIG_2024,1200.0,5,1.1,0.7,max_dTdt,constant_volume,600.0,ignition_temperature_K,completed,2.2358781257400897e-05,2984.8299184525204,2984.829918455912,2241,True,,0.20959119999952236
screen_0049,surrogate_screening,False,False,NUIG_2024,1200.0,5,1.2,0.0,max_dTdt,constant_volume,600.0,ignition_temperature_K,completed,0.03179490927318306,2874.963813504059,2887.1625586766654,3215,True,,0.2269482000001517
screen_0050,surrogate_screening,False,False,NUIG_2024,1200.0,5,1.2,0.05,max_dTdt,constant_volume,600.0,ignition_temperature_K,completed,0.0026648671437001946,2883.251478485021,2896.7717670442944,2696,True,,0.21391359999961423
screen_0051,surrogate_screening,False,False,NUIG_2024,1200.0,5,1.2,0.1,max_dTdt,constant_volume,600.0,ignition_temperature_K,completed,0.0008325852800354591,2891.4175566513427,2905.398590262434,2469,True,,0.18728459999965708
screen_0052,surrogate_screening,False,False,NUIG_2024,1200.0,5,1.2,0.2,max_dTdt,constant_volume,600.0,ignition_temperature_K,completed,0.00025155676782167885,2907.3964020680764,2916.709253422027,2441,True,,0.18728450000071462
screen_0053,surrogate_screening,False,False,NUIG_2024,1200.0,5,1.2,0.3,max_dTdt,constant_volume,600.0,ignition_temperature_K,completed,0.00011883192852793157,2922.922871845967,2922.9228719275625,2333,True,,0.177617299999838
screen_0054,surrogate_screening,True,False,NUIG_2024,1200.0,5,1.2,0.4,max_dTdt,constant_volume,600.0,ignition_temperature_K,completed,6.767341635740176e-05,2938.0187709735333,2938.018770987199,2327,True,,0.17206850000002305
screen_0055,surrogate_screening,False,False,NUIG_2024,1200.0,5,1.2,0.5,max_dTdt,constant_volume,600.0,ignition_temperature_K,completed,4.3257452357931464e-05,2952.7050633720246,2952.7050634976226,2343,True,,0.16992630000004283
screen_0056,surrogate_screening,False,False,NUIG_2024,1200.0,5,1.2,0.7,max_dTdt,constant_volume,600.0,ignition_temperature_K,completed,2.2794039216428592e-05,2980.928029742669,2980.9280297993328,2303,True,,0.18054320000010193
screen_0057,surrogate_screening,False,False,NUIG_2024,1200.0,5,1.3,0.0,max_dTdt,constant_volume,600.0,ignition_temperature_K,completed,0.032208364543947,2840.2186684005687,2861.3023919682983,2964,True,,0.2198489000002155
screen_0058,surrogate_screening,False,False,NUIG_2024,1200.0,5,1.3,0.05,max_dTdt,constant_volume,600.0,ignition_temperature_K,completed,0.0025989466227693335,2849.9712886124803,2872.4627888634895,2749,True,,0.21109710000018822
screen_0059,surrogate_screening,False,False,NUIG_2024,1200.0,5,1.3,0.1,max_dTdt,constant_volume,600.0,ignition_temperature_K,completed,0.0008261182231738645,2859.5678335066295,2882.952028801212,2589,True,,0.21878780000042752
screen_0060,surrogate_screening,False,False,NUIG_2024,1200.0,5,1.3,0.2,max_dTdt,constant_volume,600.0,ignition_temperature_K,completed,0.0002530161382129751,2878.303590570372,2900.214584165724,2322,True,,0.21320079999986774
screen_0061,surrogate_screening,False,False,NUIG_2024,1200.0,5,1.3,0.3,max_dTdt,constant_volume,600.0,ignition_temperature_K,completed,0.00012034753485706496,2896.448454300911,2908.2097759822495,2241,True,,0.18092439999963972
screen_0062,surrogate_screening,False,False,NUIG_2024,1200.0,5,1.3,0.4,max_dTdt,constant_volume,600.0,ignition_temperature_K,completed,6.886498595474991e-05,2914.0257914095314,2914.0257914467306,2193,True,,0.17662659999950847
screen_0063,surrogate_screening,False,False,NUIG_2024,1200.0,5,1.3,0.5,max_dTdt,constant_volume,600.0,ignition_temperature_K,completed,4.4164811357456765e-05,2931.0594089675706,2931.05940897545,2254,True,,0.17818960000022344
screen_0064,surrogate_screening,False,False,NUIG_2024,1200.0,5,1.3,0.7,max_dTdt,constant_volume,600.0,ignition_temperature_K,completed,2.3274645005776824e-05,2963.590878880984,2963.590878921254,2287,True,,0.17804400000022724
screen_0065,surrogate_screening,False,False,NUIG_2024,1200.0,5,1.4,0.0,max_dTdt,constant_volume,600.0,ignition_temperature_K,completed,0.032651671375781,2796.832489452392,2820.741400517447,3157,True,,0.24909389999993437
screen_0066,surrogate_screening,False,False,NUIG_2024,1200.0,5,1.4,0.05,max_dTdt,constant_volume,600.0,ignition_temperature_K,completed,0.0025552070098556734,2808.024108111144,2833.325938830338,2797,True,,0.2721031999999468
screen_0067,surrogate_screening,False,False,NUIG_2024,1200.0,5,1.4,0.1,max_dTdt,constant_volume,600.0,ignition_temperature_K,completed,0.0008244426610413942,2819.0372136426363,2845.4212814359744,2603,True,,0.21265130000028876
screen_0068,surrogate_screening,False,False,NUIG_2024,1200.0,5,1.4,0.2,max_dTdt,constant_volume,600.0,ignition_temperature_K,completed,0.0002554443039955398,2840.535209086051,2867.157281184268,2336,True,,0.18430329999955575
screen_0069,surrogate_screening,False,False,NUIG_2024,1200.0,5,1.4,0.3,max_dTdt,constant_volume,600.0,ignition_temperature_K,completed,0.00012221755908319802,2861.3429134151324,2883.1521592529566,2247,True,,0.1969904999996288
screen_0070,surrogate_screening,False,False,NUIG_2024,1200.0,5,1.4,0.4,max_dTdt,constant_volume,600.0,ignition_temperature_K,completed,7.020976486121911e-05,2881.4792664065535,2885.104799436124,2223,True,,0.19587069999943196
screen_0071,surrogate_screening,False,False,NUIG_2024,1200.0,5,1.4,0.5,max_dTdt,constant_volume,600.0,ignition_temperature_K,completed,4.515146040245943e-05,2900.9652040879296,2900.9652041074846,2163,True,,0.16495399999985239
screen_0072,surrogate_screening,False,False,NUIG_2024,1200.0,5,1.4,0.7,max_dTdt,constant_volume,600.0,ignition_temperature_K,completed,2.3795305012574813e-05,2938.076667907198,2938.0766679170824,2412,True,,0.1953486000002158
screen_0073,surrogate_screening,False,False,NUIG_2024,1200.0,10,0.6,0.0,max_dTdt,constant_volume,600.0,ignition_temperature_K,completed,0.014530722421596663,2554.546619703678,2554.5466197515198,2814,True,,0.19537380000019766
screen_0074,surrogate_screening,False,False,NUIG_2024,1200.0,10,0.6,0.05,max_dTdt,constant_volume,600.0,ignition_temperature_K,completed,0.00392151906000671,2562.1540438400734,2562.1540439104256,2821,True,,0.23347110000031535
screen_0075,surrogate_screening,False,False,NUIG_2024,1200.0,10,0.6,0.1,max_dTdt,constant_volume,600.0,ignition_temperature_K,completed,0.0013195538524037886,2569.7243168519135,2569.7243169165745,2614,True,,0.1568780000006882
screen_0076,surrogate_screening,False,False,NUIG_2024,1200.0,10,0.6,0.2,max_dTdt,constant_volume,600.0,ignition_temperature_K,completed,0.0003247095787680243,2584.753011929513,2584.753011999346,2361,True,,0.17359230000056414
screen_0077,surrogate_screening,False,False,NUIG_2024,1200.0,10,0.6,0.3,max_dTdt,constant_volume,600.0,ignition_temperature_K,completed,0.00013965060352237127,2599.631973708019,2599.631973799718,2211,True,,0.1878480999994281
screen_0078,surrogate_screening,False,False,NUIG_2024,1200.0,10,0.6,0.4,max_dTdt,constant_volume,600.0,ignition_temperature_K,completed,7.430968827590758e-05,2614.3605727472977,2614.3605727576273,2126,True,,0.16353589999926044
screen_0079,surrogate_screening,False,False,NUIG_2024,1200.0,10,0.6,0.5,max_dTdt,constant_volume,600.0,ignition_temperature_K,completed,4.485370091845926e-05,2628.9382830185177,2628.9382830809204,2134,True,,0.17393380000066827
screen_0080,surrogate_screening,False,False,NUIG_2024,1200.0,10,0.6,0.7,max_dTdt,constant_volume,600.0,ignition_temperature_K,completed,2.1694078573969203e-05,2657.6394655609565,2657.6394656637185,2277,True,,0.18512879999980214
screen_0081,surrogate_screening,False,False,NUIG_2024,1200.0,10,0.7,0.0,max_dTdt,constant_volume,600.0,ignition_temperature_K,completed,0.014643720656170043,2683.621287075328,2683.6212870961363,2896,True,,0.20795249999991938
screen_0082,surrogate_screening,False,False,NUIG_2024,1200.0,10,0.7,0.05,max_dTdt,constant_volume,600.0,ignition_temperature_K,completed,0.003449621576906199,2691.408382996143,2691.4083830409454,2674,True,,0.1842331000007107
screen_0083,surrogate_screening,False,False,NUIG_2024,1200.0,10,0.7,0.1,max_dTdt,constant_volume,600.0,ignition_temperature_K,completed,0.0011130345149379965,2699.1449780207686,2699.1449781094225,2594,True,,0.18653789999916626
screen_0084,surrogate_screening,False,False,NUIG_2024,1200.0,10,0.7,0.2,max_dTdt,constant_volume,600.0,ignition_temperature_K,completed,0.00028918249338165435,2714.4667363342232,2714.4667364062752,2271,True,,0.15399130000059813
screen_0085,surrogate_screening,False,False,NUIG_2024,1200.0,10,0.7,0.3,max_dTdt,constant_volume,600.0,ignition_temperature_K,completed,0.0001284628123074549,2729.586840432492,2729.586840532628,2354,True,,0.17144680000001244
screen_0086,surrogate_screening,False,False,NUIG_2024,1200.0,10,0.7,0.4,max_dTdt,constant_volume,600.0,ignition_temperature_K,completed,6.989473105730392e-05,2744.5057812330415,2744.505781314112,2329,True,,0.17570849999992788
screen_0087,surrogate_screening,False,False,NUIG_2024,1200.0,10,0.7,0.5,max_dTdt,constant_volume,600.0,ignition_temperature_K,completed,4.2965721189700494e-05,2759.224258983057,2759.224259112777,2183,True,,0.17972740000004706
screen_0088,surrogate_screening,False,False,NUIG_2024,1200.0,10,0.7,0.7,max_dTdt,constant_volume,600.0,ignition_temperature_K,completed,2.132636216052389e-05,2788.063630700547,2788.0636307433006,2348,True,,0.1805752999998731
screen_0089,surrogate_screening,False,False,NUIG_2024,1200.0,10,0.8,0.0,max_dTdt,constant_volume,600.0,ignition_temperature_K,completed,0.014788259847913652,2792.0626227616585,2792.0626227983807,2945,True,,0.20277050000004238
screen_0090,surrogate_screening,False,False,NUIG_2024,1200.0,10,0.8,0.05,max_dTdt,constant_volume,600.0,ignition_temperature_K,completed,0.003101480051518237,2799.730885745334,2799.7308857899025,2845,True,,0.21125229999961448
screen_0091,surrogate_screening,False,False,NUIG_2024,1200.0,10,0.8,0.1,max_dTdt,constant_volume,600.0,ignition_temperature_K,completed,0.000982034282045902,2807.336379563955,2807.3363796672957,2577,True,,0.20846700000038254
screen_0092,surrogate_screening,False,False,NUIG_2024,1200.0,10,0.8,0.2,max_dTdt,constant_volume,600.0,ignition_temperature_K,completed,0.0002669982083575516,2822.360593747636,2822.360593833409,2135,True,,0.174228600000788
screen_0093,surrogate_screening,False,False,NUIG_2024,1200.0,10,0.8,0.3,max_dTdt,constant_volume,600.0,ignition_temperature_K,completed,0.00012143693341039228,2837.1385045711927,2837.1385046175724,2030,True,,0.14661679999971966
screen_0094,surrogate_screening,False,False,NUIG_2024,1200.0,10,0.8,0.4,max_dTdt,constant_volume,600.0,ignition_temperature_K,completed,6.71953574321576e-05,2851.673605972509,2851.673606016135,2338,True,,0.19111620000057883
screen_0095,surrogate_screening,False,False,NUIG_2024,1200.0,10,0.8,0.5,max_dTdt,constant_volume,600.0,ignition_temperature_K,completed,4.188631373339663e-05,2865.969616913022,2865.96961694026,2244,True,,0.1999605999999403
screen_0096,surrogate_screening,False,False,NUIG_2024,1200.0,10,0.8,0.7,max_dTdt,constant_volume,600.0,ignition_temperature_K,completed,2.1208117255399662e-05,2893.860202934664,2893.8602029425288,2342,True,,0.17631259999961912
screen_0097,surrogate_screening,False,False,NUIG_2024,1200.0,10,0.9,0.0,max_dTdt,constant_volume,600.0,ignition_temperature_K,completed,0.0149566920066592,2876.01247472454,2876.012474766813,3010,True,,0.2236241999999038
screen_0098,surrogate_screening,False,False,NUIG_2024,1200.0,10,0.9,0.05,max_dTdt,constant_volume,600.0,ignition_temperature_K,completed,0.002841028756578312,2883.2987707542884,2883.2987707558245,2751,True,,0.1999430999994729
screen_0099,surrogate_screening,False,False,NUIG_2024,1200.0,10,0.9,0.1,max_dTdt,constant_volume,600.0,ignition_temperature_K,completed,0.0008951218059305773,2890.519621134218,2890.519621150279,2494,True,,0.17568410000058066
screen_0100,surrogate_screening,False,False,NUIG_2024,1200.0,10,0.9,0.2,max_dTdt,constant_volume,600.0,ignition_temperature_K,completed,0.00025246488153621115,2904.7683728257866,2904.7683728565353,2600,True,,0.21907629999986966
screen_0101,surrogate_screening,False,False,NUIG_2024,1200.0,10,0.9,0.3,max_dTdt,constant_volume,600.0,ignition_temperature_K,completed,0.00011693737933806192,2918.7654726383453,2918.7654727023405,2238,True,,0.18091129999993427
screen_0102,surrogate_screening,True,False,NUIG_2024,1200.0,10,0.9,0.4,max_dTdt,constant_volume,600.0,ignition_temperature_K,completed,6.557170378645942e-05,2932.5175932306543,2932.517593233306,2220,True,,0.1398786999998265
screen_0103,surrogate_screening,False,False,NUIG_2024,1200.0,10,0.9,0.5,max_dTdt,constant_volume,600.0,ignition_temperature_K,completed,4.132832862058742e-05,2946.031314994749,2946.031315036047,2360,True,,0.15979849999985163
screen_0104,surrogate_screening,False,False,NUIG_2024,1200.0,10,0.9,0.7,max_dTdt,constant_volume,600.0,ignition_temperature_K,completed,2.1256910949018798e-05,2972.369327042095,2972.36932710736,2339,True,,0.1546872999997504
screen_0105,surrogate_screening,False,False,NUIG_2024,1200.0,10,1.0,0.0,max_dTdt,constant_volume,600.0,ignition_temperature_K,completed,0.015144469349052754,2925.7243461756893,2925.7243462654246,2794,True,,0.19284299999981158
screen_0106,surrogate_screening,False,False,NUIG_2024,1200.0,10,1.0,0.05,max_dTdt,constant_volume,600.0,ignition_temperature_K,completed,0.0026439152851340988,2932.809931715055,2932.809931806384,2929,True,,0.23121069999979227
screen_0107,surrogate_screening,False,False,NUIG_2024,1200.0,10,1.0,0.1,max_dTdt,constant_volume,600.0,ignition_temperature_K,completed,0.0008354407322936164,2939.834891349543,2939.8348913885657,2435,True,,0.16787699999986216
screen_0108,surrogate_screening,False,False,NUIG_2024,1200.0,10,1.0,0.2,max_dTdt,constant_volume,600.0,ignition_temperature_K,completed,0.0002427394610803678,2953.705961253819,2953.705961258358,2274,True,,0.13808890000018437
screen_0109,surrogate_screening,True,False,NUIG_2024,1200.0,10,1.0,0.3,max_dTdt,constant_volume,600.0,ignition_temperature_K,completed,0.0001140839902679033,2967.343555738861,2967.343555738861,2165,True,,0.15786099999968428
screen_0110,surrogate_screening,True,False,NUIG_2024,1200.0,10,1.0,0.4,max_dTdt,constant_volume,600.0,ignition_temperature_K,completed,6.466475092383175e-05,2980.753577070822,2980.753577172953,2150,True,,0.1937768000007054
screen_0111,surrogate_screening,True,False,NUIG_2024,1200.0,10,1.0,0.5,max_dTdt,constant_volume,600.0,ignition_temperature_K,completed,4.1123202558932666e-05,2993.9418250611748,2993.9418250786475,2362,True,,0.17765090000011696
screen_0112,surrogate_screening,False,False,NUIG_2024,1200.0,10,1.0,0.7,max_dTdt,constant_volume,600.0,ignition_temperature_K,completed,2.14198449182439e-05,3019.675646760602,3019.6756468154413,2277,True,,0.18452040000011039
screen_0113,surrogate_screening,False,False,NUIG_2024,1200.0,10,1.1,0.0,max_dTdt,constant_volume,600.0,ignition_temperature_K,completed,0.01534858226215468,2934.3350270006176,2934.3350270396368,2971,True,,0.19547979999970266
screen_0114,surrogate_screening,False,False,NUIG_2024,1200.0,10,1.1,0.05,max_dTdt,constant_volume,600.0,ignition_temperature_K,completed,0.002493378419149301,2942.1340017876287,2942.1340017958332,2766,True,,0.17793429999983346
screen_0115,surrogate_screening,False,False,NUIG_2024,1200.0,10,1.1,0.1,max_dTdt,constant_volume,600.0,ignition_temperature_K,completed,0.0007934839390448053,2949.846775735855,2949.8467757617263,2495,True,,0.18305539999983012
screen_0116,surrogate_screening,False,False,NUIG_2024,1200.0,10,1.1,0.2,max_dTdt,constant_volume,600.0,ignition_temperature_K,completed,0.00023621548735483955,2965.020830059952,2965.020830096802,2294,True,,0.1640754999998535
screen_0117,surrogate_screening,False,False,NUIG_2024,1200.0,10,1.1,0.3,max_dTdt,constant_volume,600.0,ignition_temperature_K,completed,0.0001123543948880253,2979.8709552722703,2979.8709553040303,2249,True,,0.15205580000019836
screen_0118,surrogate_screening,True,False,NUIG_2024,1200.0,10,1.1,0.4,max_dTdt,constant_volume,600.0,ignition_temperature_K,completed,6.424954870394666e-05,2994.4102095784065,2994.4102095842213,2231,True,,0.165990999999849
screen_0119,surrogate_screening,True,False,NUIG_2024,1200.0,10,1.1,0.5,max_dTdt,constant_volume,600.0,ignition_temperature_K,completed,4.116815768028619e-05,3008.6509699070334,3008.6509699122635,2140,True,,0.15333259999988513
screen_0120,surrogate_screening,False,False,NUIG_2024,1200.0,10,1.1,0.7,max_dTdt,constant_volume,600.0,ignition_temperature_K,completed,2.1668250625932273e-05,3036.2833004551926,3036.283300492242,2413,True,,0.17981479999980365
screen_0121,surrogate_screening,False,False,NUIG_2024,1200.0,10,1.2,0.0,max_dTdt,constant_volume,600.0,ignition_temperature_K,completed,0.015566866019514444,2910.849902872664,2910.8499029088644,2977,True,,0.1791750000002139
screen_0122,surrogate_screening,False,False,NUIG_2024,1200.0,10,1.2,0.05,max_dTdt,constant_volume,600.0,ignition_temperature_K,completed,0.0023777301870173766,2920.078670234502,2920.078670234502,2740,True,,0.18505519999962416
screen_0123,surrogate_screening,False,False,NUIG_2024,1200.0,10,1.2,0.1,max_dTdt,constant_volume,600.0,ignition_temperature_K,completed,0.0007636235646031669,2929.179831000788,2929.1798310043323,2514,True,,0.2212601999999606
screen_0124,surrogate_screening,False,False,NUIG_2024,1200.0,10,1.2,0.2,max_dTdt,constant_volume,600.0,ignition_temperature_K,completed,0.00023195179446518924,2947.0091170430537,2947.0091170772466,2414,True,,0.18577449999975215
screen_0125,surrogate_screening,False,False,NUIG_2024,1200.0,10,1.2,0.3,max_dTdt,constant_volume,600.0,ignition_temperature_K,completed,0.00011142046882105166,2964.3574834487886,2964.357483474947,2265,True,,0.17187790000025416
screen_0126,surrogate_screening,True,False,NUIG_2024,1200.0,10,1.2,0.4,max_dTdt,constant_volume,600.0,ignition_temperature_K,completed,6.419112564180162e-05,2981.244703563037,2981.2447035716496,2296,True,,0.16155949999938457
screen_0127,surrogate_screening,False,False,NUIG_2024,1200.0,10,1.2,0.5,max_dTdt,constant_volume,600.0,ignition_temperature_K,completed,4.139229422280655e-05,2997.690362063487,2997.6903621878027,2173,True,,0.15220639999915875
screen_0128,surrogate_screening,False,False,NUIG_2024,1200.0,10,1.2,0.7,max_dTdt,constant_volume,600.0,ignition_temperature_K,completed,2.1979747645512358e-05,3029.333309993158,3029.3333100294135,2398,True,,0.14944530000047962
screen_0129,surrogate_screening,False,False,NUIG_2024,1200.0,10,1.3,0.0,max_dTdt,constant_volume,600.0,ignition_temperature_K,completed,0.015797662273937547,2870.078617611696,2870.9405776955205,3013,True,,0.2196672000000035
screen_0130,surrogate_screening,False,False,NUIG_2024,1200.0,10,1.3,0.05,max_dTdt,constant_volume,600.0,ignition_temperature_K,completed,0.00228865950204064,2880.8588009191712,2882.3806228127423,2721,True,,0.19312790000003588
screen_0131,surrogate_screening,False,False,NUIG_2024,1200.0,10,1.3,0.1,max_dTdt,constant_volume,600.0,ignition_temperature_K,completed,0.0007423598114977529,2891.4841600394166,2893.630947319921,2579,True,,0.18529429999944114
screen_0132,surrogate_screening,False,False,NUIG_2024,1200.0,10,1.3,0.2,max_dTdt,constant_volume,600.0,ignition_temperature_K,completed,0.00022935010752248646,2912.27707793175,2914.6153858901916,2287,True,,0.17387580000013259
screen_0133,surrogate_screening,False,False,NUIG_2024,1200.0,10,1.3,0.3,max_dTdt,constant_volume,600.0,ignition_temperature_K,completed,0.0001110930142801706,2932.472067593262,2932.472067604958,2147,True,,0.1569804999999178
screen_0134,surrogate_screening,False,False,NUIG_2024,1200.0,10,1.3,0.4,max_dTdt,constant_volume,600.0,ignition_temperature_K,completed,6.439997603750737e-05,2952.085689989579,2952.0856900438334,2186,True,,0.1570071000005555
screen_0135,surrogate_screening,False,False,NUIG_2024,1200.0,10,1.3,0.5,max_dTdt,constant_volume,600.0,ignition_temperature_K,completed,4.175132614171114e-05,2971.135962971075,2971.1359629740987,2387,True,,0.18743570000060572
screen_0136,surrogate_screening,False,False,NUIG_2024,1200.0,10,1.3,0.7,max_dTdt,constant_volume,600.0,ignition_temperature_K,completed,2.2340502629973497e-05,3007.623539135638,3007.6235391778164,2201,True,,0.16331259999969916
screen_0137,surrogate_screening,False,False,NUIG_2024,1200.0,10,1.4,0.0,max_dTdt,constant_volume,600.0,ignition_temperature_K,completed,0.01603965936906332,2821.5250591111026,2827.2227643849455,3181,True,,0.19913850000011735
screen_0138,surrogate_screening,False,False,NUIG_2024,1200.0,10,1.4,0.05,max_dTdt,constant_volume,600.0,ignition_temperature_K,completed,0.002220185778640408,2833.7496217044104,2840.0122111105884,2780,True,,0.20137049999993906
screen_0139,surrogate_screening,False,False,NUIG_2024,1200.0,10,1.4,0.1,max_dTdt,constant_volume,600.0,ignition_temperature_K,completed,0.0007274558592070997,2845.805332570711,2852.6265823844737,2472,True,,0.17353449999973236
screen_0140,surrogate_screening,False,False,NUIG_2024,1200.0,10,1.4,0.2,max_dTdt,constant_volume,600.0,ignition_temperature_K,completed,0.00022802876607423304,2869.4121670553723,2876.678046962101,2331,True,,0.16741200000069512
screen_0141,surrogate_screening,False,False,NUIG_2024,1200.0,10,1.4,0.3,max_dTdt,constant_volume,600.0,ignition_temperature_K,completed,0.00011124197847365731,2892.3515754707946,2897.994763441561,2285,True,,0.17447709999942163
screen_0142,surrogate_screening,False,False,NUIG_2024,1200.0,10,1.4,0.4,max_dTdt,constant_volume,600.0,ignition_temperature_K,completed,6.482801898674512e-05,2914.6326759662957,2914.6326759912936,2160,True,,0.1707045000002836
screen_0143,surrogate_screening,False,False,NUIG_2024,1200.0,10,1.4,0.5,max_dTdt,constant_volume,600.0,ignition_temperature_K,completed,4.221556078629361e-05,2936.267343754957,2936.267343781839,2115,True,,0.15106439999999566
screen_0144,surrogate_screening,False,False,NUIG_2024,1200.0,10,1.4,0.7,max_dTdt,constant_volume,600.0,ignition_temperature_K,completed,2.273870886255491e-05,2977.6563979232556,2977.6563979405287,2485,True,,0.1735647000004974
screen_0145,surrogate_screening,False,False,NUIG_2024,1200.0,20,0.6,0.0,max_dTdt,constant_volume,600.0,ignition_temperature_K,completed,0.006833590067018063,2565.0592162493426,2565.059216298645,2787,True,,0.18510409999998956
screen_0146,surrogate_screening,False,False,NUIG_2024,1200.0,20,0.6,0.05,max_dTdt,constant_volume,600.0,ignition_temperature_K,completed,0.0023380361652381183,2572.9512355405423,2572.9512356908826,2703,True,,0.1803303999995478
screen_0147,surrogate_screening,False,False,NUIG_2024,1200.0,20,0.6,0.1,max_dTdt,constant_volume,600.0,ignition_temperature_K,completed,0.0011651275898513815,2580.8107342763033,2580.810734320191,2544,True,,0.1758243999993283
screen_0148,surrogate_screening,False,False,NUIG_2024,1200.0,20,0.6,0.2,max_dTdt,constant_volume,600.0,ignition_temperature_K,completed,0.00040370351999190744,2596.43171363555,2596.431713692592,2569,True,,0.19949519999954646
screen_0149,surrogate_screening,False,False,NUIG_2024,1200.0,20,0.6,0.3,max_dTdt,constant_volume,600.0,ignition_temperature_K,completed,0.00021552258810995256,2611.921277675792,2611.921277690587,2282,True,,0.1657731999994212
screen_0150,surrogate_screening,False,False,NUIG_2024,1200.0,20,0.6,0.4,max_dTdt,constant_volume,600.0,ignition_temperature_K,completed,0.00014566452270391134,2627.278611188775,2627.278611278208,2250,True,,0.1536774999995032
screen_0151,surrogate_screening,False,False,NUIG_2024,1200.0,20,0.6,0.5,max_dTdt,constant_volume,600.0,ignition_temperature_K,completed,0.00011205203930575063,2642.5029649204025,2642.50296497182,2257,True,,0.17092439999942144
screen_0152,surrogate_screening,False,False,NUIG_2024,1200.0,20,0.6,0.7,max_dTdt,constant_volume,600.0,ignition_temperature_K,completed,8.272580936336115e-05,2672.550072547478,2672.550072675698,2342,True,,0.15227740000045742
screen_0153,surrogate_screening,False,False,NUIG_2024,1200.0,20,0.7,0.0,max_dTdt,constant_volume,600.0,ignition_temperature_K,completed,0.006887741548417344,2700.0178576151748,2700.0178576611615,2777,True,,0.19046530000014172
screen_0154,surrogate_screening,False,False,NUIG_2024,1200.0,20,0.7,0.05,max_dTdt,constant_volume,600.0,ignition_temperature_K,completed,0.002143027566917968,2708.230325527003,2708.230325582377,2691,True,,0.17701969999961875
screen_0155,surrogate_screening,False,False,NUIG_2024,1200.0,20,0.7,0.1,max_dTdt,constant_volume,600.0,ignition_temperature_K,completed,0.0010110673402122857,2716.3976531720723,2716.3976533171503,2696,True,,0.18724490000022342
screen_0156,surrogate_screening,False,False,NUIG_2024,1200.0,20,0.7,0.2,max_dTdt,constant_volume,600.0,ignition_temperature_K,completed,0.00035074673435591986,2732.596561841196,2732.5965618511227,2334,True,,0.17721570000048814
screen_0157,surrogate_screening,False,False,NUIG_2024,1200.0,20,0.7,0.3,max_dTdt,constant_volume,600.0,ignition_temperature_K,completed,0.0001931075139080163,2748.6140328381775,2748.614032880325,2341,True,,0.1884597999996913
screen_0158,surrogate_screening,False,False,NUIG_2024,1200.0,20,0.7,0.4,max_dTdt,constant_volume,600.0,ignition_temperature_K,completed,0.0001329833016411122,2764.4496780240042,2764.4496780629943,2254,True,,0.15180950000012672
screen_0159,surrogate_screening,False,False,NUIG_2024,1200.0,20,0.7,0.5,max_dTdt,constant_volume,600.0,ignition_temperature_K,completed,0.00010352105933756535,2780.1032732608905,2780.103273311445,2437,True,,0.16439770000033604
screen_0160,surrogate_screening,False,False,NUIG_2024,1200.0,20,0.7,0.7,max_dTdt,constant_volume,600.0,ignition_temperature_K,completed,7.751889394103697e-05,2810.8642402019636,2810.864240284938,2534,True,,0.19789080000009562
screen_0161,surrogate_screening,False,False,NUIG_2024,1200.0,20,0.8,0.0,max_dTdt,constant_volume,600.0,ignition_temperature_K,completed,0.006958342188868558,2816.054223966791,2816.05422406122,2840,True,,0.20422849999977188
screen_0162,surrogate_screening,False,False,NUIG_2024,1200.0,20,0.8,0.05,max_dTdt,constant_volume,600.0,ignition_temperature_K,completed,0.0019910199437574764,2824.2917759680936,2824.291775975959,2829,True,,0.2315016000002288
screen_0163,surrogate_screening,False,False,NUIG_2024,1200.0,20,0.8,0.1,max_dTdt,constant_volume,600.0,ignition_temperature_K,completed,0.0009007272088824164,2832.470311309289,2832.4703114273393,2462,True,,0.19987859999946522
screen_0164,surrogate_screening,False,False,NUIG_2024,1200.0,20,0.8,0.2,max_dTdt,constant_volume,600.0,ignition_temperature_K,completed,0.0003159456726067329,2848.6509911426156,2848.650991239339,2253,True,,0.16703060000054393
screen_0165,surrogate_screening,False,False,NUIG_2024,1200.0,20,0.8,0.3,max_dTdt,constant_volume,600.0,ignition_temperature_K,completed,0.00017784647480224944,2864.597771529993,2864.5977716398647,2394,True,,0.17686849999972765
screen_0166,surrogate_screening,False,False,NUIG_2024,1200.0,20,0.8,0.4,max_dTdt,constant_volume,600.0,ignition_temperature_K,completed,0.0001240518758780249,2880.312453407364,2880.3124534862277,2200,True,,0.17956630000026053
screen_0167,surrogate_screening,False,False,NUIG_2024,1200.0,20,0.8,0.5,max_dTdt,constant_volume,600.0,ignition_temperature_K,completed,9.73607642376476e-05,2895.7971124763058,2895.797112569918,2224,True,,0.15510720000020228
screen_0168,surrogate_screening,False,False,NUIG_2024,1200.0,20,0.8,0.7,max_dTdt,constant_volume,600.0,ignition_temperature_K,completed,7.36539046088287e-05,2926.0859254106513,2926.0859255884934,2494,True,,0.18572589999985212
screen_0169,surrogate_screening,False,False,NUIG_2024,1200.0,20,0.9,0.0,max_dTdt,constant_volume,600.0,ignition_temperature_K,completed,0.007040659128630366,2908.926898576576,2908.9268986669495,2795,True,,0.19677539999975124
screen_0170,surrogate_screening,False,False,NUIG_2024,1200.0,20,0.9,0.05,max_dTdt,constant_volume,600.0,ignition_temperature_K,completed,0.0018706612913967167,2916.8524570785557,2916.852457135129,2834,True,,0.22217389999968873
screen_0171,surrogate_screening,False,False,NUIG_2024,1200.0,20,0.9,0.1,max_dTdt,constant_volume,600.0,ignition_temperature_K,completed,0.0008198932239243362,2924.712205292228,2924.7122053109442,2512,True,,0.19807270000001154
screen_0172,surrogate_screening,False,False,NUIG_2024,1200.0,20,0.9,0.2,max_dTdt,constant_volume,600.0,ignition_temperature_K,completed,0.00029175008820058655,2940.237080689169,2940.2370807400157,2380,True,,0.2017361999996865
screen_0173,surrogate_screening,False,False,NUIG_2024,1200.0,20,0.9,0.3,max_dTdt,constant_volume,600.0,ignition_temperature_K,completed,0.0001669190539283689,2955.5071916300803,2955.507191653922,2310,True,,1.0116152000000511
screen_0174,surrogate_screening,False,False,NUIG_2024,1200.0,20,0.9,0.4,max_dTdt,constant_volume,600.0,ignition_temperature_K,completed,0.00011749640502431315,2970.5282579814643,2970.5282580610174,2323,True,,0.17812580000008893
screen_0175,surrogate_screening,False,False,NUIG_2024,1200.0,20,0.9,0.5,max_dTdt,constant_volume,600.0,ignition_temperature_K,completed,9.27525315707315e-05,2985.3060218783303,2985.3060219190916,2137,True,,0.15606490000027406
screen_0176,surrogate_screening,False,False,NUIG_2024,1200.0,20,0.9,0.7,max_dTdt,constant_volume,600.0,ignition_temperature_K,completed,7.069147122365578e-05,3014.1545598514845,3014.154559929514,2424,True,,0.16888700000072276
screen_0177,surrogate_screening,False,False,NUIG_2024,1200.0,20,1.0,0.0,max_dTdt,constant_volume,600.0,ignition_temperature_K,completed,0.007131951917147507,2964.954081199275,2964.954081215104,3012,True,,0.220050099999753
screen_0178,surrogate_screening,False,False,NUIG_2024,1200.0,20,1.0,0.05,max_dTdt,constant_volume,600.0,ignition_temperature_K,completed,0.001774281913543942,2972.6608523088007,2972.6608524463745,2618,True,,0.21597529999962717
screen_0179,surrogate_screening,False,False,NUIG_2024,1200.0,20,1.0,0.1,max_dTdt,constant_volume,600.0,ignition_temperature_K,completed,0.0007595002454282081,2980.306558954251,2980.306559009435,2560,True,,0.19351360000018758
screen_0180,surrogate_screening,False,False,NUIG_2024,1200.0,20,1.0,0.2,max_dTdt,constant_volume,600.0,ignition_temperature_K,completed,0.0002742399990652022,2995.4174421057264,2995.4174422105075,2487,True,,0.19948849999946106
screen_0181,surrogate_screening,False,False,NUIG_2024,1200.0,20,1.0,0.3,max_dTdt,constant_volume,600.0,ignition_temperature_K,completed,0.00015881911157143342,3010.29203852588,3010.2920385616235,2136,True,,0.1679351000002498
screen_0182,surrogate_screening,False,False,NUIG_2024,1200.0,20,1.0,0.4,max_dTdt,constant_volume,600.0,ignition_temperature_K,completed,0.00011253719291582967,3024.935615359781,3024.9356154069537,2166,True,,0.161711099999593
screen_0183,surrogate_screening,False,False,NUIG_2024,1200.0,20,1.0,0.5,max_dTdt,constant_volume,600.0,ignition_temperature_K,completed,8.920911624507804e-05,3039.353388948036,3039.3533890003428,2218,True,,0.16752220000034868
screen_0184,surrogate_screening,False,False,NUIG_2024,1200.0,20,1.0,0.7,max_dTdt,constant_volume,600.0,ignition_temperature_K,completed,6.83655690286581e-05,3067.5320902551375,3067.53209027373,2290,True,,0.17217990000062855
screen_0185,surrogate_screening,False,False,NUIG_2024,1200.0,20,1.1,0.0,max_dTdt,constant_volume,600.0,ignition_temperature_K,completed,0.0072305001795394406,2971.714158627813,2971.714158662407,2851,True,,0.22229960000004212
screen_0186,surrogate_screening,False,False,NUIG_2024,1200.0,20,1.1,0.05,max_dTdt,constant_volume,600.0,ignition_temperature_K,completed,0.0016964736048774298,2980.29290396124,2980.2929040495346,2813,True,,0.2064730000001873
screen_0187,surrogate_screening,False,False,NUIG_2024,1200.0,20,1.1,0.1,max_dTdt,constant_volume,600.0,ignition_temperature_K,completed,0.00071361408509151,2988.780902188606,2988.7809022321326,2501,True,,0.17632219999995868
screen_0188,surrogate_screening,False,False,NUIG_2024,1200.0,20,1.1,0.2,max_dTdt,constant_volume,600.0,ignition_temperature_K,completed,0.00026120132215210764,3005.4916105362377,3005.4916106399287,2317,True,,0.17529990000002726
screen_0189,surrogate_screening,False,False,NUIG_2024,1200.0,20,1.1,0.3,max_dTdt,constant_volume,600.0,ignition_temperature_K,completed,0.00015267369268632603,3021.8598602296374,3021.8598602891775,2297,True,,0.1552707000000737
screen_0190,surrogate_screening,False,False,NUIG_2024,1200.0,20,1.1,0.4,max_dTdt,constant_volume,600.0,ignition_temperature_K,completed,0.00010870711023124305,3037.8986784236586,3037.8986784236586,2295,True,,0.17152470000019093
screen_0191,surrogate_screening,False,False,NUIG_2024,1200.0,20,1.1,0.5,max_dTdt,constant_volume,600.0,ignition_temperature_K,completed,8.643371389352594e-05,3053.6205293380494,3053.6205294302126,2276,True,,0.15653519999978016
screen_0192,surrogate_screening,False,False,NUIG_2024,1200.0,20,1.1,0.7,max_dTdt,constant_volume,600.0,ignition_temperature_K,completed,6.650567839728675e-05,3084.1603827329914,3084.1603828018447,2328,True,,0.15400490000047284
screen_0193,surrogate_screening,False,False,NUIG_2024,1200.0,20,1.2,0.0,max_dTdt,constant_volume,600.0,ignition_temperature_K,completed,0.007335157936366973,2941.85840293749,2941.8584029852827,2874,True,,0.21128149999913148
screen_0194,surrogate_screening,False,False,NUIG_2024,1200.0,20,1.2,0.05,max_dTdt,constant_volume,600.0,ignition_temperature_K,completed,0.0016333313763074717,2952.0325348029282,2952.032534808089,2776,True,,0.21160200000031182
screen_0195,surrogate_screening,False,False,NUIG_2024,1200.0,20,1.2,0.1,max_dTdt,constant_volume,600.0,ignition_temperature_K,completed,0.0006783000907919782,2962.0778963768903,2962.0778964435667,2627,True,,0.19261309999910736
screen_0196,surrogate_screening,False,False,NUIG_2024,1200.0,20,1.2,0.2,max_dTdt,constant_volume,600.0,ignition_temperature_K,completed,0.0002513110068777509,2981.789313915997,2981.789314001796,2530,True,,0.1769426000000749
screen_0197,surrogate_screening,False,False,NUIG_2024,1200.0,20,1.2,0.3,max_dTdt,constant_volume,600.0,ignition_temperature_K,completed,0.00014793669916539443,3001.007369188826,3001.0073692647966,2286,True,,0.19414150000011432
screen_0198,surrogate_screening,False,False,NUIG_2024,1200.0,20,1.2,0.4,max_dTdt,constant_volume,600.0,ignition_temperature_K,completed,0.00010570081136918855,3019.7476735923547,3019.7476736078897,2356,True,,0.16324250000070606
screen_0199,surrogate_screening,False,False,NUIG_2024,1200.0,20,1.2,0.5,max_dTdt,constant_volume,600.0,ignition_temperature_K,completed,8.42285723512106e-05,3038.026437939686,3038.0264379537794,2232,True,,0.17945849999978236
screen_0200,surrogate_screening,False,False,NUIG_2024,1200.0,20,1.2,0.7,max_dTdt,constant_volume,600.0,ignition_temperature_K,completed,6.49994941792262e-05,3073.2656434791934,3073.265643515387,2375,True,,0.1735447999999451
screen_0201,surrogate_screening,False,False,NUIG_2024,1200.0,20,1.3,0.0,max_dTdt,constant_volume,600.0,ignition_temperature_K,completed,0.007445112131505778,2894.998698984539,2894.998699000912,2871,True,,0.18102279999948223
screen_0202,surrogate_screening,False,False,NUIG_2024,1200.0,20,1.3,0.05,max_dTdt,constant_volume,600.0,ignition_temperature_K,completed,0.0015819654447072598,2906.756130849877,2906.7561308572635,2717,True,,0.18690069999956904
screen_0203,surrogate_screening,False,False,NUIG_2024,1200.0,20,1.3,0.1,max_dTdt,constant_volume,600.0,ignition_temperature_K,completed,0.0006508595901146692,2918.366935981677,2918.3669360176696,2687,True,,0.1818913999995857
screen_0204,surrogate_screening,False,False,NUIG_2024,1200.0,20,1.3,0.2,max_dTdt,constant_volume,600.0,ignition_temperature_K,completed,0.00024373139307743414,2941.1508041574925,2941.150804189335,2401,True,,0.14892839999993157
screen_0205,surrogate_screening,False,False,NUIG_2024,1200.0,20,1.3,0.3,max_dTdt,constant_volume,600.0,ignition_temperature_K,completed,0.0001442564662991643,2963.356215265442,2963.3562152686395,2384,True,,0.1527702000003046
screen_0206,surrogate_screening,False,False,NUIG_2024,1200.0,20,1.3,0.4,max_dTdt,constant_volume,600.0,ignition_temperature_K,completed,0.00010333448003715683,2984.9915126351243,2984.991512681116,2380,True,,0.1885972000000038
screen_0207,surrogate_screening,False,False,NUIG_2024,1200.0,20,1.3,0.5,max_dTdt,constant_volume,600.0,ignition_temperature_K,completed,8.246541481350305e-05,3006.067179080897,3006.0671790839733,2348,True,,0.18828229999962787
screen_0208,surrogate_screening,False,False,NUIG_2024,1200.0,20,1.3,0.7,max_dTdt,constant_volume,600.0,ignition_temperature_K,completed,6.376427313312344e-05,3046.590399827369,3046.5903998296667,2328,True,,0.15988319999996747
screen_0209,surrogate_screening,False,False,NUIG_2024,1200.0,20,1.4,0.0,max_dTdt,constant_volume,600.0,ignition_temperature_K,completed,0.007559733044603312,2841.6212735030736,2841.6212735116,2885,True,,0.20128239999939979
screen_0210,surrogate_screening,False,False,NUIG_2024,1200.0,20,1.4,0.05,max_dTdt,constant_volume,600.0,ignition_temperature_K,completed,0.0015401598491715195,2854.7852230052076,2854.7852230065305,2743,True,,0.2099803000000975
screen_0211,surrogate_screening,False,False,NUIG_2024,1200.0,20,1.4,0.1,max_dTdt,constant_volume,600.0,ignition_temperature_K,completed,0.0006294122716498658,2867.796403868267,2867.7964038877362,2554,True,,0.22390230000019073
screen_0212,surrogate_screening,False,False,NUIG_2024,1200.0,20,1.4,0.2,max_dTdt,constant_volume,600.0,ignition_temperature_K,completed,0.00023789654981642356,2893.3578665798013,2893.35786659658,2651,True,,0.19134980000035284
screen_0213,surrogate_screening,False,False,NUIG_2024,1200.0,20,1.4,0.3,max_dTdt,constant_volume,600.0,ignition_temperature_K,completed,0.00014139696024113445,2918.3023993196934,2918.3023993408806,2523,True,,0.1845130000001518
screen_0214,surrogate_screening,False,False,NUIG_2024,1200.0,20,1.4,0.4,max_dTdt,constant_volume,600.0,ignition_temperature_K,completed,0.00010146139811544242,2942.62976042371,2942.629760438069,2338,True,,0.15638870000020688
screen_0215,surrogate_screening,False,False,NUIG_2024,1200.0,20,1.4,0.5,max_dTdt,constant_volume,600.0,ignition_temperature_K,completed,8.10539992950381e-05,2966.3425992161156,2966.3425992472,2145,True,,0.1790045999996437
screen_0216,surrogate_screening,False,False,NUIG_2024,1200.0,20,1.4,0.7,max_dTdt,constant_volume,600.0,ignition_temperature_K,completed,6.27456454103544e-05,3011.9485894847776,3011.9485894915038,2295,True,,0.1924856000005093
screen_0217,surrogate_screening,False,False,NUIG_2024,1200.0,5,0.6,0.0,max_dTdt,constant_volume,750.0,ignition_temperature_K,completed,0.03027681619417375,2541.821022999164,2541.821023152761,2894,True,,0.21470049999970797
screen_0218,surrogate_screening,False,False,NUIG_2024,1200.0,5,0.6,0.05,max_dTdt,constant_volume,750.0,ignition_temperature_K,completed,0.004488368157093771,2549.094434891257,2549.0944349727606,2728,True,,0.1734151999999085
screen_0219,surrogate_screening,False,False,NUIG_2024,1200.0,5,0.6,0.1,max_dTdt,constant_volume,750.0,ignition_temperature_K,completed,0.0011813873336172732,2556.3259214705813,2556.325921559089,2540,True,,0.18834719999995286
screen_0220,surrogate_screening,False,False,NUIG_2024,1200.0,5,0.6,0.2,max_dTdt,constant_volume,750.0,ignition_temperature_K,completed,0.0002952801478044243,2570.662916508326,2570.6629165734726,2352,True,,0.18711549999989074
screen_0221,surrogate_screening,False,False,NUIG_2024,1200.0,5,0.6,0.3,max_dTdt,constant_volume,750.0,ignition_temperature_K,completed,0.00012708874110112207,2584.8316929887833,2584.8316930487986,2235,True,,0.14194839999981923
screen_0222,surrogate_screening,False,False,NUIG_2024,1200.0,5,0.6,0.4,max_dTdt,constant_volume,750.0,ignition_temperature_K,completed,6.792457036829586e-05,2598.832082183795,2598.832082243796,2123,True,,0.18202610000025743
screen_0223,surrogate_screening,False,False,NUIG_2024,1200.0,5,0.6,0.5,max_dTdt,constant_volume,750.0,ignition_temperature_K,completed,4.168022752126447e-05,2612.664061147235,2612.6640612090596,2321,True,,0.16376910000053613
screen_0224,surrogate_screening,False,False,NUIG_2024,1200.0,5,0.6,0.7,max_dTdt,constant_volume,750.0,ignition_temperature_K,completed,2.153261312740214e-05,2639.823419737217,2639.8234198062105,2466,True,,0.19091430000025866
screen_0225,surrogate_screening,False,False,NUIG_2024,1200.0,5,0.7,0.0,max_dTdt,constant_volume,750.0,ignition_temperature_K,completed,0.03036674959852471,2664.065324542702,2664.0653246629895,2955,True,,0.22498579999955837
screen_0226,surrogate_screening,False,False,NUIG_2024,1200.0,5,0.7,0.05,max_dTdt,constant_volume,750.0,ignition_temperature_K,completed,0.0038216967170036477,2671.3735549811704,2671.373555026455,2788,True,,0.1960056000007171
screen_0227,surrogate_screening,False,False,NUIG_2024,1200.0,5,0.7,0.1,max_dTdt,constant_volume,750.0,ignition_temperature_K,completed,0.0010393786652970545,2678.626706973841,2678.6267070149074,2472,True,,0.14948420000018814
screen_0228,surrogate_screening,False,False,NUIG_2024,1200.0,5,0.7,0.2,max_dTdt,constant_volume,750.0,ignition_temperature_K,completed,0.0002751419528791087,2692.9684499759373,2692.968450120577,2258,True,,0.14776080000046932
screen_0229,surrogate_screening,False,False,NUIG_2024,1200.0,5,0.7,0.3,max_dTdt,constant_volume,750.0,ignition_temperature_K,completed,0.00012164599034276925,2707.0920533139447,2707.09205338259,2238,True,,0.16856270000062068
screen_0230,surrogate_screening,False,False,NUIG_2024,1200.0,5,0.7,0.4,max_dTdt,constant_volume,750.0,ignition_temperature_K,completed,6.62036656702271e-05,2720.9992519209363,2720.999252014876,2273,True,,0.15325770000072225
screen_0231,surrogate_screening,False,False,NUIG_2024,1200.0,5,0.7,0.5,max_dTdt,constant_volume,750.0,ignition_temperature_K,completed,4.1106142557103426e-05,2734.692002818425,2734.6920028268323,2335,True,,0.1854323999996268
screen_0232,surrogate_screening,False,False,NUIG_2024,1200.0,5,0.7,0.7,max_dTdt,constant_volume,750.0,ignition_temperature_K,completed,2.1408456052972597e-05,2761.4430101146445,2761.443010119723,2200,True,,0.16848489999938465
screen_0233,surrogate_screening,False,False,NUIG_2024,1200.0,5,0.8,0.0,max_dTdt,constant_volume,750.0,ignition_temperature_K,completed,0.030540645857747534,2764.1808231061427,2764.1808231718483,3134,True,,0.2256688999996186
screen_0234,surrogate_screening,False,False,NUIG_2024,1200.0,5,0.8,0.05,max_dTdt,constant_volume,750.0,ignition_temperature_K,completed,0.003388052874723903,2771.246229583205,2771.246229636821,2782,True,,0.19504649999998946
screen_0235,surrogate_screening,False,False,NUIG_2024,1200.0,5,0.8,0.1,max_dTdt,constant_volume,750.0,ignition_temperature_K,completed,0.0009544073691876672,2778.247072443208,2778.2470724475056,2690,True,,0.16683150000062597
screen_0236,surrogate_screening,False,False,NUIG_2024,1200.0,5,0.8,0.2,max_dTdt,constant_volume,750.0,ignition_temperature_K,completed,0.0002632377323364253,2792.0574947676337,2792.0574948649955,2372,True,,0.16960199999994074
screen_0237,surrogate_screening,False,False,NUIG_2024,1200.0,5,0.8,0.3,max_dTdt,constant_volume,750.0,ignition_temperature_K,completed,0.00011872310821387067,2805.6170587195274,2805.617058777778,2312,True,,0.17455190000055154
screen_0238,surrogate_screening,False,False,NUIG_2024,1200.0,5,0.8,0.4,max_dTdt,constant_volume,750.0,ignition_temperature_K,completed,6.549325210733856e-05,2818.9308884879806,2818.9308891230635,2316,True,,0.17547120000017458
screen_0239,surrogate_screening,False,False,NUIG_2024,1200.0,5,0.8,0.5,max_dTdt,constant_volume,750.0,ignition_temperature_K,completed,4.1025575740742354e-05,2832.0042324171322,2832.0042325371014,2418,True,,0.18652939999992668
screen_0240,surrogate_screening,False,False,NUIG_2024,1200.0,5,0.8,0.7,max_dTdt,constant_volume,750.0,ignition_temperature_K,completed,2.147878114335803e-05,2857.450873288317,2857.4508733033795,2345,True,,0.1934428000004118
screen_0241,surrogate_screening,False,False,NUIG_2024,1200.0,5,0.9,0.0,max_dTdt,constant_volume,750.0,ignition_temperature_K,completed,0.030780759030961065,2839.272404567003,2839.2724045700697,2971,True,,0.203514400000131
screen_0242,surrogate_screening,False,False,NUIG_2024,1200.0,5,0.9,0.05,max_dTdt,constant_volume,750.0,ignition_temperature_K,completed,0.003097666559117926,2845.9212427636858,2845.9212428088863,2825,True,,0.20481889999973646
screen_0243,surrogate_screening,False,False,NUIG_2024,1200.0,5,0.9,0.1,max_dTdt,constant_volume,750.0,ignition_temperature_K,completed,0.0009010325808942342,2852.5064509085228,2852.5064509390227,2547,True,,0.21869020000031014
screen_0244,surrogate_screening,False,False,NUIG_2024,1200.0,5,0.9,0.2,max_dTdt,constant_volume,750.0,ignition_temperature_K,completed,0.00025633630307941147,2865.4897504964542,2865.4897505944004,2275,True,,0.17983340000046155
screen_0245,surrogate_screening,False,False,NUIG_2024,1200.0,5,0.9,0.3,max_dTdt,constant_volume,750.0,ignition_temperature_K,completed,0.00011741311275543285,2878.229745369722,2878.229745426803,2363,True,,0.15597890000026382
screen_0246,surrogate_screening,True,False,NUIG_2024,1200.0,5,0.9,0.4,max_dTdt,constant_volume,750.0,ignition_temperature_K,completed,6.545712267024155e-05,2890.733702394038,2890.7337024736235,2302,True,,0.24287529999946855
screen_0247,surrogate_screening,False,False,NUIG_2024,1200.0,5,0.9,0.5,max_dTdt,constant_volume,750.0,ignition_temperature_K,completed,4.127927828113028e-05,2903.0087034498865,2903.008703587095,2317,True,,0.2164736000004268
screen_0248,surrogate_screening,False,False,NUIG_2024,1200.0,5,0.9,0.7,max_dTdt,constant_volume,750.0,ignition_temperature_K,completed,2.1681892335266497e-05,2926.8992027454847,2926.899202783856,2393,True,,0.21835050000026968
screen_0249,surrogate_screening,False,False,NUIG_2024,1200.0,5,1.0,0.0,max_dTdt,constant_volume,750.0,ignition_temperature_K,completed,0.031075242451451515,2883.218531030709,2883.218531139401,2940,True,,0.25949169999967125
screen_0250,surrogate_screening,False,False,NUIG_2024,1200.0,5,1.0,0.05,max_dTdt,constant_volume,750.0,ignition_temperature_K,completed,0.002898837564672849,2889.6877206733852,2889.6877207652096,2728,True,,0.24682819999998173
screen_0251,surrogate_screening,False,False,NUIG_2024,1200.0,5,1.0,0.1,max_dTdt,constant_volume,750.0,ignition_temperature_K,completed,0.0008669143421099504,2896.097817584558,2896.097817595862,2389,True,,0.21682519999922079
screen_0252,surrogate_screening,False,False,NUIG_2024,1200.0,5,1.0,0.2,max_dTdt,constant_volume,750.0,ignition_temperature_K,completed,0.0002527038090493237,2908.7440416108893,2908.744041623281,2386,True,,0.24051529999997
screen_0253,surrogate_screening,True,False,NUIG_2024,1200.0,5,1.0,0.3,max_dTdt,constant_volume,750.0,ignition_temperature_K,completed,0.00011719306684635469,2921.163724453687,2921.1637244764306,2309,True,,0.22297280000020692
screen_0254,surrogate_screening,True,False,NUIG_2024,1200.0,5,1.0,0.4,max_dTdt,constant_volume,750.0,ignition_temperature_K,completed,6.589137902020042e-05,2933.363235093565,2933.363235104489,2295,True,,0.21976119999999355
screen_0255,surrogate_screening,True,False,NUIG_2024,1200.0,5,1.0,0.5,max_dTdt,constant_volume,750.0,ignition_temperature_K,completed,4.1774681011360006e-05,2945.348786806667,2945.348786816176,2245,True,,0.19394010000087292
screen_0256,surrogate_screening,False,False,NUIG_2024,1200.0,5,1.0,0.7,max_dTdt,constant_volume,750.0,ignition_temperature_K,completed,2.1984769761240536e-05,2968.7020728080875,2968.702072820471,2346,True,,0.20875989999967715
screen_0257,surrogate_screening,False,False,NUIG_2024,1200.0,5,1.1,0.0,max_dTdt,constant_volume,750.0,ignition_temperature_K,completed,0.031415486602815304,2892.9257769733454,2892.9257770515765,2848,True,,0.2385989000003974
screen_0258,surrogate_screening,False,False,NUIG_2024,1200.0,5,1.1,0.05,max_dTdt,constant_volume,750.0,ignition_temperature_K,completed,0.0027608522836145713,2899.971783865226,2899.9717839098926,2736,True,,0.21839129999989382
screen_0259,surrogate_screening,False,False,NUIG_2024,1200.0,5,1.1,0.1,max_dTdt,constant_volume,750.0,ignition_temperature_K,completed,0.0008453932416177277,2906.937255904339,2906.937255909806,2577,True,,0.22562250000009954
screen_0260,surrogate_screening,False,False,NUIG_2024,1200.0,5,1.1,0.2,max_dTdt,constant_volume,750.0,ignition_temperature_K,completed,0.00025132249031530144,2920.6335409252756,2920.6335409353555,2279,True,,0.20284080000055837
screen_0261,surrogate_screening,True,False,NUIG_2024,1200.0,5,1.1,0.3,max_dTdt,constant_volume,750.0,ignition_temperature_K,completed,0.00011774079412797138,2934.028022356105,2934.0280223705577,2286,True,,0.20484639999995125
screen_0262,surrogate_screening,True,False,NUIG_2024,1200.0,5,1.1,0.4,max_dTdt,constant_volume,750.0,ignition_temperature_K,completed,6.666161173100212e-05,2947.1333245039887,2947.133324532734,2201,True,,0.20133480000004056
screen_0263,surrogate_screening,True,False,NUIG_2024,1200.0,5,1.1,0.5,max_dTdt,constant_volume,750.0,ignition_temperature_K,completed,4.2447284811761966e-05,2959.96135464073,2959.9613546872397,2325,True,,0.2083054999993692
screen_0264,surrogate_screening,False,False,NUIG_2024,1200.0,5,1.1,0.7,max_dTdt,constant_volume,750.0,ignition_temperature_K,completed,2.2358781257400897e-05,2984.8299184525204,2984.829918455912,2241,True,,0.20308729999942443
screen_0265,surrogate_screening,False,False,NUIG_2024,1200.0,5,1.2,0.0,max_dTdt,constant_volume,750.0,ignition_temperature_K,completed,0.03179490927318306,2874.963813504059,2887.1625586766654,3215,True,,0.26439510000000155
screen_0266,surrogate_screening,False,False,NUIG_2024,1200.0,5,1.2,0.05,max_dTdt,constant_volume,750.0,ignition_temperature_K,completed,0.0026648671437001946,2883.251478485021,2896.7717670442944,2696,True,,0.24194149999948422
screen_0267,surrogate_screening,False,False,NUIG_2024,1200.0,5,1.2,0.1,max_dTdt,constant_volume,750.0,ignition_temperature_K,completed,0.0008325852800354591,2891.4175566513427,2905.398590262434,2469,True,,0.21034309999959078
screen_0268,surrogate_screening,False,False,NUIG_2024,1200.0,5,1.2,0.2,max_dTdt,constant_volume,750.0,ignition_temperature_K,completed,0.00025155676782167885,2907.3964020680764,2916.709253422027,2441,True,,0.2093445000000429
screen_0269,surrogate_screening,False,False,NUIG_2024,1200.0,5,1.2,0.3,max_dTdt,constant_volume,750.0,ignition_temperature_K,completed,0.00011883192852793157,2922.922871845967,2922.9228719275625,2333,True,,0.19739800000024843
screen_0270,surrogate_screening,True,False,NUIG_2024,1200.0,5,1.2,0.4,max_dTdt,constant_volume,750.0,ignition_temperature_K,completed,6.767341635740176e-05,2938.0187709735333,2938.018770987199,2327,True,,0.21415499999966414
screen_0271,surrogate_screening,False,False,NUIG_2024,1200.0,5,1.2,0.5,max_dTdt,constant_volume,750.0,ignition_temperature_K,completed,4.3257452357931464e-05,2952.7050633720246,2952.7050634976226,2343,True,,0.21402020000004995
screen_0272,surrogate_screening,False,False,NUIG_2024,1200.0,5,1.2,0.7,max_dTdt,constant_volume,750.0,ignition_temperature_K,completed,2.2794039216428592e-05,2980.928029742669,2980.9280297993328,2303,True,,0.2032896000000619
screen_0273,surrogate_screening,False,False,NUIG_2024,1200.0,5,1.3,0.0,max_dTdt,constant_volume,750.0,ignition_temperature_K,completed,0.032208364543947,2840.2186684005687,2861.3023919682983,2964,True,,0.26063479999993433
screen_0274,surrogate_screening,False,False,NUIG_2024,1200.0,5,1.3,0.05,max_dTdt,constant_volume,750.0,ignition_temperature_K,completed,0.0025989466227693335,2849.9712886124803,2872.4627888634895,2749,True,,0.25123960000018997
screen_0275,surrogate_screening,False,False,NUIG_2024,1200.0,5,1.3,0.1,max_dTdt,constant_volume,750.0,ignition_temperature_K,completed,0.0008261182231738645,2859.5678335066295,2882.952028801212,2589,True,,0.22665130000041245
screen_0276,surrogate_screening,False,False,NUIG_2024,1200.0,5,1.3,0.2,max_dTdt,constant_volume,750.0,ignition_temperature_K,completed,0.0002530161382129751,2878.303590570372,2900.214584165724,2322,True,,0.20301870000002964
screen_0277,surrogate_screening,False,False,NUIG_2024,1200.0,5,1.3,0.3,max_dTdt,constant_volume,750.0,ignition_temperature_K,completed,0.00012034753485706496,2896.448454300911,2908.2097759822495,2241,True,,0.1996936999994432
screen_0278,surrogate_screening,False,False,NUIG_2024,1200.0,5,1.3,0.4,max_dTdt,constant_volume,750.0,ignition_temperature_K,completed,6.886498595474991e-05,2914.0257914095314,2914.0257914467306,2193,True,,0.1981140999996569
screen_0279,surrogate_screening,False,False,NUIG_2024,1200.0,5,1.3,0.5,max_dTdt,constant_volume,750.0,ignition_temperature_K,completed,4.4164811357456765e-05,2931.0594089675706,2931.05940897545,2254,True,,0.19998889999988023
screen_0280,surrogate_screening,False,False,NUIG_2024,1200.0,5,1.3,0.7,max_dTdt,constant_volume,750.0,ignition_temperature_K,completed,2.3274645005776824e-05,2963.590878880984,2963.590878921254,2287,True,,0.22218859999975393
screen_0281,surrogate_screening,False,False,NUIG_2024,1200.0,5,1.4,0.0,max_dTdt,constant_volume,750.0,ignition_temperature_K,completed,0.032651671375781,2796.832489452392,2820.741400517447,3157,True,,0.26507459999993443
screen_0282,surrogate_screening,False,False,NUIG_2024,1200.0,5,1.4,0.05,max_dTdt,constant_volume,750.0,ignition_temperature_K,completed,0.0025552070098556734,2808.024108111144,2833.325938830338,2797,True,,0.23927780000030907
screen_0283,surrogate_screening,False,False,NUIG_2024,1200.0,5,1.4,0.1,max_dTdt,constant_volume,750.0,ignition_temperature_K,completed,0.0008244426610413942,2819.0372136426363,2845.4212814359744,2603,True,,0.24123729999973875
screen_0284,surrogate_screening,False,False,NUIG_2024,1200.0,5,1.4,0.2,max_dTdt,constant_volume,750.0,ignition_temperature_K,completed,0.0002554443039955398,2840.535209086051,2867.157281184268,2336,True,,0.19884749999982887
screen_0285,surrogate_screening,False,False,NUIG_2024,1200.0,5,1.4,0.3,max_dTdt,constant_volume,750.0,ignition_temperature_K,completed,0.00012221755908319802,2861.3429134151324,2883.1521592529566,2247,True,,0.21339760000046226
screen_0286,surrogate_screening,False,False,NUIG_2024,1200.0,5,1.4,0.4,max_dTdt,constant_volume,750.0,ignition_temperature_K,completed,7.020976486121911e-05,2881.4792664065535,2885.104799436124,2223,True,,0.2126246000007086
screen_0287,surrogate_screening,False,False,NUIG_2024,1200.0,5,1.4,0.5,max_dTdt,constant_volume,750.0,ignition_temperature_K,completed,4.515146040245943e-05,2900.9652040879296,2900.9652041074846,2163,True,,0.20231280000007246
screen_0288,surrogate_screening,False,False,NUIG_2024,1200.0,5,1.4,0.7,max_dTdt,constant_volume,750.0,ignition_temperature_K,completed,2.3795305012574813e-05,2938.076667907198,2938.0766679170824,2412,True,,0.21683399999983521
screen_0289,surrogate_screening,False,False,NUIG_2024,1200.0,10,0.6,0.0,max_dTdt,constant_volume,750.0,ignition_temperature_K,completed,0.014530722421596663,2554.546619703678,2554.5466197515198,2814,True,,0.24348040000040783
screen_0290,surrogate_screening,False,False,NUIG_2024,1200.0,10,0.6,0.05,max_dTdt,constant_volume,750.0,ignition_temperature_K,completed,0.00392151906000671,2562.1540438400734,2562.1540439104256,2821,True,,0.2282074000004286
screen_0291,surrogate_screening,False,False,NUIG_2024,1200.0,10,0.6,0.1,max_dTdt,constant_volume,750.0,ignition_temperature_K,completed,0.0013195538524037886,2569.7243168519135,2569.7243169165745,2614,True,,0.225427899999886
screen_0292,surrogate_screening,False,False,NUIG_2024,1200.0,10,0.6,0.2,max_dTdt,constant_volume,750.0,ignition_temperature_K,completed,0.0003247095787680243,2584.753011929513,2584.753011999346,2361,True,,0.19252679999954125
screen_0293,surrogate_screening,False,False,NUIG_2024,1200.0,10,0.6,0.3,max_dTdt,constant_volume,750.0,ignition_temperature_K,completed,0.00013965060352237127,2599.631973708019,2599.631973799718,2211,True,,0.20122679999985849
screen_0294,surrogate_screening,False,False,NUIG_2024,1200.0,10,0.6,0.4,max_dTdt,constant_volume,750.0,ignition_temperature_K,completed,7.430968827590758e-05,2614.3605727472977,2614.3605727576273,2126,True,,0.19537670000045182
screen_0295,surrogate_screening,False,False,NUIG_2024,1200.0,10,0.6,0.5,max_dTdt,constant_volume,750.0,ignition_temperature_K,completed,4.485370091845926e-05,2628.9382830185177,2628.9382830809204,2134,True,,0.20066829999996116
screen_0296,surrogate_screening,False,False,NUIG_2024,1200.0,10,0.6,0.7,max_dTdt,constant_volume,750.0,ignition_temperature_K,completed,2.1694078573969203e-05,2657.6394655609565,2657.6394656637185,2277,True,,0.1980051000000458
screen_0297,surrogate_screening,False,False,NUIG_2024,1200.0,10,0.7,0.0,max_dTdt,constant_volume,750.0,ignition_temperature_K,completed,0.014643720656170043,2683.621287075328,2683.6212870961363,2896,True,,0.24671630000011646
screen_0298,surrogate_screening,False,False,NUIG_2024,1200.0,10,0.7,0.05,max_dTdt,constant_volume,750.0,ignition_temperature_K,completed,0.003449621576906199,2691.408382996143,2691.4083830409454,2674,True,,0.2618337000003521
screen_0299,surrogate_screening,False,False,NUIG_2024,1200.0,10,0.7,0.1,max_dTdt,constant_volume,750.0,ignition_temperature_K,completed,0.0011130345149379965,2699.1449780207686,2699.1449781094225,2594,True,,0.23698739999963436
screen_0300,surrogate_screening,False,False,NUIG_2024,1200.0,10,0.7,0.2,max_dTdt,constant_volume,750.0,ignition_temperature_K,completed,0.00028918249338165435,2714.4667363342232,2714.4667364062752,2271,True,,0.20776699999987613
screen_0301,surrogate_screening,False,False,NUIG_2024,1200.0,10,0.7,0.3,max_dTdt,constant_volume,750.0,ignition_temperature_K,completed,0.0001284628123074549,2729.586840432492,2729.586840532628,2354,True,,0.2089695999993637
screen_0302,surrogate_screening,False,False,NUIG_2024,1200.0,10,0.7,0.4,max_dTdt,constant_volume,750.0,ignition_temperature_K,completed,6.989473105730392e-05,2744.5057812330415,2744.505781314112,2329,True,,0.21175440000024537
screen_0303,surrogate_screening,False,False,NUIG_2024,1200.0,10,0.7,0.5,max_dTdt,constant_volume,750.0,ignition_temperature_K,completed,4.2965721189700494e-05,2759.224258983057,2759.224259112777,2183,True,,0.1950499000004129
screen_0304,surrogate_screening,False,False,NUIG_2024,1200.0,10,0.7,0.7,max_dTdt,constant_volume,750.0,ignition_temperature_K,completed,2.132636216052389e-05,2788.063630700547,2788.0636307433006,2348,True,,0.21384480000051553
screen_0305,surrogate_screening,False,False,NUIG_2024,1200.0,10,0.8,0.0,max_dTdt,constant_volume,750.0,ignition_temperature_K,completed,0.014788259847913652,2792.0626227616585,2792.0626227983807,2945,True,,0.2583472000005713
screen_0306,surrogate_screening,False,False,NUIG_2024,1200.0,10,0.8,0.05,max_dTdt,constant_volume,750.0,ignition_temperature_K,completed,0.003101480051518237,2799.730885745334,2799.7308857899025,2845,True,,0.24649800000042887
screen_0307,surrogate_screening,False,False,NUIG_2024,1200.0,10,0.8,0.1,max_dTdt,constant_volume,750.0,ignition_temperature_K,completed,0.000982034282045902,2807.336379563955,2807.3363796672957,2577,True,,0.22465629999987868
screen_0308,surrogate_screening,False,False,NUIG_2024,1200.0,10,0.8,0.2,max_dTdt,constant_volume,750.0,ignition_temperature_K,completed,0.0002669982083575516,2822.360593747636,2822.360593833409,2135,True,,0.19809609999992972
screen_0309,surrogate_screening,False,False,NUIG_2024,1200.0,10,0.8,0.3,max_dTdt,constant_volume,750.0,ignition_temperature_K,completed,0.00012143693341039228,2837.1385045711927,2837.1385046175724,2030,True,,0.17838130000018282
screen_0310,surrogate_screening,False,False,NUIG_2024,1200.0,10,0.8,0.4,max_dTdt,constant_volume,750.0,ignition_temperature_K,completed,6.71953574321576e-05,2851.673605972509,2851.673606016135,2338,True,,0.20953460000055202
screen_0311,surrogate_screening,False,False,NUIG_2024,1200.0,10,0.8,0.5,max_dTdt,constant_volume,750.0,ignition_temperature_K,completed,4.188631373339663e-05,2865.969616913022,2865.96961694026,2244,True,,0.20814709999922343
screen_0312,surrogate_screening,False,False,NUIG_2024,1200.0,10,0.8,0.7,max_dTdt,constant_volume,750.0,ignition_temperature_K,completed,2.1208117255399662e-05,2893.860202934664,2893.8602029425288,2342,True,,0.19832969999970373
screen_0313,surrogate_screening,False,False,NUIG_2024,1200.0,10,0.9,0.0,max_dTdt,constant_volume,750.0,ignition_temperature_K,completed,0.0149566920066592,2876.01247472454,2876.012474766813,3010,True,,0.2500715999995009
screen_0314,surrogate_screening,False,False,NUIG_2024,1200.0,10,0.9,0.05,max_dTdt,constant_volume,750.0,ignition_temperature_K,completed,0.002841028756578312,2883.2987707542884,2883.2987707558245,2751,True,,0.2381602000004932
screen_0315,surrogate_screening,False,False,NUIG_2024,1200.0,10,0.9,0.1,max_dTdt,constant_volume,750.0,ignition_temperature_K,completed,0.0008951218059305773,2890.519621134218,2890.519621150279,2494,True,,0.21677419999923586
screen_0316,surrogate_screening,False,False,NUIG_2024,1200.0,10,0.9,0.2,max_dTdt,constant_volume,750.0,ignition_temperature_K,completed,0.00025246488153621115,2904.7683728257866,2904.7683728565353,2600,True,,0.21826640000017505
screen_0317,surrogate_screening,False,False,NUIG_2024,1200.0,10,0.9,0.3,max_dTdt,constant_volume,750.0,ignition_temperature_K,completed,0.00011693737933806192,2918.7654726383453,2918.7654727023405,2238,True,,0.19837509999979375
screen_0318,surrogate_screening,True,False,NUIG_2024,1200.0,10,0.9,0.4,max_dTdt,constant_volume,750.0,ignition_temperature_K,completed,6.557170378645942e-05,2932.5175932306543,2932.517593233306,2220,True,,0.19675459999962186
screen_0319,surrogate_screening,False,False,NUIG_2024,1200.0,10,0.9,0.5,max_dTdt,constant_volume,750.0,ignition_temperature_K,completed,4.132832862058742e-05,2946.031314994749,2946.031315036047,2360,True,,0.2153531000003568
screen_0320,surrogate_screening,False,False,NUIG_2024,1200.0,10,0.9,0.7,max_dTdt,constant_volume,750.0,ignition_temperature_K,completed,2.1256910949018798e-05,2972.369327042095,2972.36932710736,2339,True,,0.22031989999959478
screen_0321,surrogate_screening,False,False,NUIG_2024,1200.0,10,1.0,0.0,max_dTdt,constant_volume,750.0,ignition_temperature_K,completed,0.015144469349052754,2925.7243461756893,2925.7243462654246,2794,True,,0.2539931000001161
screen_0322,surrogate_screening,False,False,NUIG_2024,1200.0,10,1.0,0.05,max_dTdt,constant_volume,750.0,ignition_temperature_K,completed,0.0026439152851340988,2932.809931715055,2932.809931806384,2929,True,,0.24225680000017746
screen_0323,surrogate_screening,False,False,NUIG_2024,1200.0,10,1.0,0.1,max_dTdt,constant_volume,750.0,ignition_temperature_K,completed,0.0008354407322936164,2939.834891349543,2939.8348913885657,2435,True,,0.21847780000007333
screen_0324,surrogate_screening,False,False,NUIG_2024,1200.0,10,1.0,0.2,max_dTdt,constant_volume,750.0,ignition_temperature_K,completed,0.0002427394610803678,2953.705961253819,2953.705961258358,2274,True,,0.21857849999923928
screen_0325,surrogate_screening,True,False,NUIG_2024,1200.0,10,1.0,0.3,max_dTdt,constant_volume,750.0,ignition_temperature_K,completed,0.0001140839902679033,2967.343555738861,2967.343555738861,2165,True,,0.2048268000007738
screen_0326,surrogate_screening,True,False,NUIG_2024,1200.0,10,1.0,0.4,max_dTdt,constant_volume,750.0,ignition_temperature_K,completed,6.466475092383175e-05,2980.753577070822,2980.753577172953,2150,True,,0.21463849999963713
screen_0327,surrogate_screening,True,False,NUIG_2024,1200.0,10,1.0,0.5,max_dTdt,constant_volume,750.0,ignition_temperature_K,completed,4.1123202558932666e-05,2993.9418250611748,2993.9418250786475,2362,True,,0.21559639999941282
screen_0328,surrogate_screening,False,False,NUIG_2024,1200.0,10,1.0,0.7,max_dTdt,constant_volume,750.0,ignition_temperature_K,completed,2.14198449182439e-05,3019.675646760602,3019.6756468154413,2277,True,,0.2003378999997949
screen_0329,surrogate_screening,False,False,NUIG_2024,1200.0,10,1.1,0.0,max_dTdt,constant_volume,750.0,ignition_temperature_K,completed,0.01534858226215468,2934.3350270006176,2934.3350270396368,2971,True,,0.24560469999960333
screen_0330,surrogate_screening,False,False,NUIG_2024,1200.0,10,1.1,0.05,max_dTdt,constant_volume,750.0,ignition_temperature_K,completed,0.002493378419149301,2942.1340017876287,2942.1340017958332,2766,True,,0.24886289999994915
screen_0331,surrogate_screening,False,False,NUIG_2024,1200.0,10,1.1,0.1,max_dTdt,constant_volume,750.0,ignition_temperature_K,completed,0.0007934839390448053,2949.846775735855,2949.8467757617263,2495,True,,0.2177839000005406
screen_0332,surrogate_screening,False,False,NUIG_2024,1200.0,10,1.1,0.2,max_dTdt,constant_volume,750.0,ignition_temperature_K,completed,0.00023621548735483955,2965.020830059952,2965.020830096802,2294,True,,0.20910929999990913
screen_0333,surrogate_screening,False,False,NUIG_2024,1200.0,10,1.1,0.3,max_dTdt,constant_volume,750.0,ignition_temperature_K,completed,0.0001123543948880253,2979.8709552722703,2979.8709553040303,2249,True,,0.20608090000041557
screen_0334,surrogate_screening,True,False,NUIG_2024,1200.0,10,1.1,0.4,max_dTdt,constant_volume,750.0,ignition_temperature_K,completed,6.424954870394666e-05,2994.4102095784065,2994.4102095842213,2231,True,,0.2023232999999891
screen_0335,surrogate_screening,True,False,NUIG_2024,1200.0,10,1.1,0.5,max_dTdt,constant_volume,750.0,ignition_temperature_K,completed,4.116815768028619e-05,3008.6509699070334,3008.6509699122635,2140,True,,0.20557729999927687
screen_0336,surrogate_screening,False,False,NUIG_2024,1200.0,10,1.1,0.7,max_dTdt,constant_volume,750.0,ignition_temperature_K,completed,2.1668250625932273e-05,3036.2833004551926,3036.283300492242,2413,True,,0.21768100000008417
screen_0337,surrogate_screening,False,False,NUIG_2024,1200.0,10,1.2,0.0,max_dTdt,constant_volume,750.0,ignition_temperature_K,completed,0.015566866019514444,2910.849902872664,2910.8499029088644,2977,True,,0.25954749999982596
screen_0338,surrogate_screening,False,False,NUIG_2024,1200.0,10,1.2,0.05,max_dTdt,constant_volume,750.0,ignition_temperature_K,completed,0.0023777301870173766,2920.078670234502,2920.078670234502,2740,True,,0.23417570000037813
screen_0339,surrogate_screening,False,False,NUIG_2024,1200.0,10,1.2,0.1,max_dTdt,constant_volume,750.0,ignition_temperature_K,completed,0.0007636235646031669,2929.179831000788,2929.1798310043323,2514,True,,0.22475849999955244
screen_0340,surrogate_screening,False,False,NUIG_2024,1200.0,10,1.2,0.2,max_dTdt,constant_volume,750.0,ignition_temperature_K,completed,0.00023195179446518924,2947.0091170430537,2947.0091170772466,2414,True,,0.20395710000047984
screen_0341,surrogate_screening,False,False,NUIG_2024,1200.0,10,1.2,0.3,max_dTdt,constant_volume,750.0,ignition_temperature_K,completed,0.00011142046882105166,2964.3574834487886,2964.357483474947,2265,True,,0.22014359999957378
screen_0342,surrogate_screening,True,False,NUIG_2024,1200.0,10,1.2,0.4,max_dTdt,constant_volume,750.0,ignition_temperature_K,completed,6.419112564180162e-05,2981.244703563037,2981.2447035716496,2296,True,,0.20254729999942356
screen_0343,surrogate_screening,False,False,NUIG_2024,1200.0,10,1.2,0.5,max_dTdt,constant_volume,750.0,ignition_temperature_K,completed,4.139229422280655e-05,2997.690362063487,2997.6903621878027,2173,True,,0.19271669999943697
screen_0344,surrogate_screening,False,False,NUIG_2024,1200.0,10,1.2,0.7,max_dTdt,constant_volume,750.0,ignition_temperature_K,completed,2.1979747645512358e-05,3029.333309993158,3029.3333100294135,2398,True,,0.23975269999937154
screen_0345,surrogate_screening,False,False,NUIG_2024,1200.0,10,1.3,0.0,max_dTdt,constant_volume,750.0,ignition_temperature_K,completed,0.015797662273937547,2870.078617611696,2870.9405776955205,3013,True,,0.2597408000001451
screen_0346,surrogate_screening,False,False,NUIG_2024,1200.0,10,1.3,0.05,max_dTdt,constant_volume,750.0,ignition_temperature_K,completed,0.00228865950204064,2880.8588009191712,2882.3806228127423,2721,True,,0.23541199999999662
screen_0347,surrogate_screening,False,False,NUIG_2024,1200.0,10,1.3,0.1,max_dTdt,constant_volume,750.0,ignition_temperature_K,completed,0.0007423598114977529,2891.4841600394166,2893.630947319921,2579,True,,0.2205642999997508
screen_0348,surrogate_screening,False,False,NUIG_2024,1200.0,10,1.3,0.2,max_dTdt,constant_volume,750.0,ignition_temperature_K,completed,0.00022935010752248646,2912.27707793175,2914.6153858901916,2287,True,,0.21313290000034613
screen_0349,surrogate_screening,False,False,NUIG_2024,1200.0,10,1.3,0.3,max_dTdt,constant_volume,750.0,ignition_temperature_K,completed,0.0001110930142801706,2932.472067593262,2932.472067604958,2147,True,,0.1990976999995837
screen_0350,surrogate_screening,False,False,NUIG_2024,1200.0,10,1.3,0.4,max_dTdt,constant_volume,750.0,ignition_temperature_K,completed,6.439997603750737e-05,2952.085689989579,2952.0856900438334,2186,True,,0.19121549999999843
screen_0351,surrogate_screening,False,False,NUIG_2024,1200.0,10,1.3,0.5,max_dTdt,constant_volume,750.0,ignition_temperature_K,completed,4.175132614171114e-05,2971.135962971075,2971.1359629740987,2387,True,,0.22339759999977105
screen_0352,surrogate_screening,False,False,NUIG_2024,1200.0,10,1.3,0.7,max_dTdt,constant_volume,750.0,ignition_temperature_K,completed,2.2340502629973497e-05,3007.623539135638,3007.6235391778164,2201,True,,0.1944112999999561
screen_0353,surrogate_screening,False,False,NUIG_2024,1200.0,10,1.4,0.0,max_dTdt,constant_volume,750.0,ignition_temperature_K,completed,0.01603965936906332,2821.5250591111026,2827.2227643849455,3181,True,,0.26542779999999766
screen_0354,surrogate_screening,False,False,NUIG_2024,1200.0,10,1.4,0.05,max_dTdt,constant_volume,750.0,ignition_temperature_K,completed,0.002220185778640408,2833.7496217044104,2840.0122111105884,2780,True,,0.2793772999993962
screen_0355,surrogate_screening,False,False,NUIG_2024,1200.0,10,1.4,0.1,max_dTdt,constant_volume,750.0,ignition_temperature_K,completed,0.0007274558592070997,2845.805332570711,2852.6265823844737,2472,True,,0.23212030000013328
screen_0356,surrogate_screening,False,False,NUIG_2024,1200.0,10,1.4,0.2,max_dTdt,constant_volume,750.0,ignition_temperature_K,completed,0.00022802876607423304,2869.4121670553723,2876.678046962101,2331,True,,0.19919949999984965
screen_0357,surrogate_screening,False,False,NUIG_2024,1200.0,10,1.4,0.3,max_dTdt,constant_volume,750.0,ignition_temperature_K,completed,0.00011124197847365731,2892.3515754707946,2897.994763441561,2285,True,,0.19613570000001346
screen_0358,surrogate_screening,False,False,NUIG_2024,1200.0,10,1.4,0.4,max_dTdt,constant_volume,750.0,ignition_temperature_K,completed,6.482801898674512e-05,2914.6326759662957,2914.6326759912936,2160,True,,0.18499399999927846
screen_0359,surrogate_screening,False,False,NUIG_2024,1200.0,10,1.4,0.5,max_dTdt,constant_volume,750.0,ignition_temperature_K,completed,4.221556078629361e-05,2936.267343754957,2936.267343781839,2115,True,,0.18292469999960304
screen_0360,surrogate_screening,False,False,NUIG_2024,1200.0,10,1.4,0.7,max_dTdt,constant_volume,750.0,ignition_temperature_K,completed,2.273870886255491e-05,2977.6563979232556,2977.6563979405287,2485,True,,0.19666870000037306
screen_0361,surrogate_screening,False,False,NUIG_2024,1200.0,20,0.6,0.0,max_dTdt,constant_volume,750.0,ignition_temperature_K,completed,0.006833590067018063,2565.0592162493426,2565.059216298645,2787,True,,0.22322510000049078
screen_0362,surrogate_screening,False,False,NUIG_2024,1200.0,20,0.6,0.05,max_dTdt,constant_volume,750.0,ignition_temperature_K,completed,0.0023380361652381183,2572.9512355405423,2572.9512356908826,2703,True,,0.22540440000011586
screen_0363,surrogate_screening,False,False,NUIG_2024,1200.0,20,0.6,0.1,max_dTdt,constant_volume,750.0,ignition_temperature_K,completed,0.0011651275898513815,2580.8107342763033,2580.810734320191,2544,True,,0.21736690000034287
screen_0364,surrogate_screening,False,False,NUIG_2024,1200.0,20,0.6,0.2,max_dTdt,constant_volume,750.0,ignition_temperature_K,completed,0.00040370351999190744,2596.43171363555,2596.431713692592,2569,True,,0.20682119999946735
screen_0365,surrogate_screening,False,False,NUIG_2024,1200.0,20,0.6,0.3,max_dTdt,constant_volume,750.0,ignition_temperature_K,completed,0.00021552258810995256,2611.921277675792,2611.921277690587,2282,True,,0.1990085999996154
screen_0366,surrogate_screening,False,False,NUIG_2024,1200.0,20,0.6,0.4,max_dTdt,constant_volume,750.0,ignition_temperature_K,completed,0.00014566452270391134,2627.278611188775,2627.278611278208,2250,True,,0.17763519999971322
screen_0367,surrogate_screening,False,False,NUIG_2024,1200.0,20,0.6,0.5,max_dTdt,constant_volume,750.0,ignition_temperature_K,completed,0.00011205203930575063,2642.5029649204025,2642.50296497182,2257,True,,0.2001775999997335
screen_0368,surrogate_screening,False,False,NUIG_2024,1200.0,20,0.6,0.7,max_dTdt,constant_volume,750.0,ignition_temperature_K,completed,8.272580936336115e-05,2672.550072547478,2672.550072675698,2342,True,,0.20565020000049117
screen_0369,surrogate_screening,False,False,NUIG_2024,1200.0,20,0.7,0.0,max_dTdt,constant_volume,750.0,ignition_temperature_K,completed,0.006887741548417344,2700.0178576151748,2700.0178576611615,2777,True,,0.2335640000001149
screen_0370,surrogate_screening,False,False,NUIG_2024,1200.0,20,0.7,0.05,max_dTdt,constant_volume,750.0,ignition_temperature_K,completed,0.002143027566917968,2708.230325527003,2708.230325582377,2691,True,,0.22239129999979923
screen_0371,surrogate_screening,False,False,NUIG_2024,1200.0,20,0.7,0.1,max_dTdt,constant_volume,750.0,ignition_temperature_K,completed,0.0010110673402122857,2716.3976531720723,2716.3976533171503,2696,True,,0.23859710000033374
screen_0372,surrogate_screening,False,False,NUIG_2024,1200.0,20,0.7,0.2,max_dTdt,constant_volume,750.0,ignition_temperature_K,completed,0.00035074673435591986,2732.596561841196,2732.5965618511227,2334,True,,0.19815449999987322
screen_0373,surrogate_screening,False,False,NUIG_2024,1200.0,20,0.7,0.3,max_dTdt,constant_volume,750.0,ignition_temperature_K,completed,0.0001931075139080163,2748.6140328381775,2748.614032880325,2341,True,,0.20018600000003062
screen_0374,surrogate_screening,False,False,NUIG_2024,1200.0,20,0.7,0.4,max_dTdt,constant_volume,750.0,ignition_temperature_K,completed,0.0001329833016411122,2764.4496780240042,2764.4496780629943,2254,True,,0.18645569999989675
screen_0375,surrogate_screening,False,False,NUIG_2024,1200.0,20,0.7,0.5,max_dTdt,constant_volume,750.0,ignition_temperature_K,completed,0.00010352105933756535,2780.1032732608905,2780.103273311445,2437,True,,0.2190536999996766
screen_0376,surrogate_screening,False,False,NUIG_2024,1200.0,20,0.7,0.7,max_dTdt,constant_volume,750.0,ignition_temperature_K,completed,7.751889394103697e-05,2810.8642402019636,2810.864240284938,2534,True,,0.21767240000008314
screen_0377,surrogate_screening,False,False,NUIG_2024,1200.0,20,0.8,0.0,max_dTdt,constant_volume,750.0,ignition_temperature_K,completed,0.006958342188868558,2816.054223966791,2816.05422406122,2840,True,,0.2706011000000217
screen_0378,surrogate_screening,False,False,NUIG_2024,1200.0,20,0.8,0.05,max_dTdt,constant_volume,750.0,ignition_temperature_K,completed,0.0019910199437574764,2824.2917759680936,2824.291775975959,2829,True,,0.26137589999962074
screen_0379,surrogate_screening,False,False,NUIG_2024,1200.0,20,0.8,0.1,max_dTdt,constant_volume,750.0,ignition_temperature_K,completed,0.0009007272088824164,2832.470311309289,2832.4703114273393,2462,True,,0.2208269000002474
screen_0380,surrogate_screening,False,False,NUIG_2024,1200.0,20,0.8,0.2,max_dTdt,constant_volume,750.0,ignition_temperature_K,completed,0.0003159456726067329,2848.6509911426156,2848.650991239339,2253,True,,0.21260310000070604
screen_0381,surrogate_screening,False,False,NUIG_2024,1200.0,20,0.8,0.3,max_dTdt,constant_volume,750.0,ignition_temperature_K,completed,0.00017784647480224944,2864.597771529993,2864.5977716398647,2394,True,,0.22117120000075374
screen_0382,surrogate_screening,False,False,NUIG_2024,1200.0,20,0.8,0.4,max_dTdt,constant_volume,750.0,ignition_temperature_K,completed,0.0001240518758780249,2880.312453407364,2880.3124534862277,2200,True,,0.1955829000007725
screen_0383,surrogate_screening,False,False,NUIG_2024,1200.0,20,0.8,0.5,max_dTdt,constant_volume,750.0,ignition_temperature_K,completed,9.73607642376476e-05,2895.7971124763058,2895.797112569918,2224,True,,0.18217699999968318
screen_0384,surrogate_screening,False,False,NUIG_2024,1200.0,20,0.8,0.7,max_dTdt,constant_volume,750.0,ignition_temperature_K,completed,7.36539046088287e-05,2926.0859254106513,2926.0859255884934,2494,True,,0.22738269999990735
screen_0385,surrogate_screening,False,False,NUIG_2024,1200.0,20,0.9,0.0,max_dTdt,constant_volume,750.0,ignition_temperature_K,completed,0.007040659128630366,2908.926898576576,2908.9268986669495,2795,True,,0.2581739999995989
screen_0386,surrogate_screening,False,False,NUIG_2024,1200.0,20,0.9,0.05,max_dTdt,constant_volume,750.0,ignition_temperature_K,completed,0.0018706612913967167,2916.8524570785557,2916.852457135129,2834,True,,0.2504610000005414
screen_0387,surrogate_screening,False,False,NUIG_2024,1200.0,20,0.9,0.1,max_dTdt,constant_volume,750.0,ignition_temperature_K,completed,0.0008198932239243362,2924.712205292228,2924.7122053109442,2512,True,,0.23130760000003647
screen_0388,surrogate_screening,False,False,NUIG_2024,1200.0,20,0.9,0.2,max_dTdt,constant_volume,750.0,ignition_temperature_K,completed,0.00029175008820058655,2940.237080689169,2940.2370807400157,2380,True,,0.24114139999983308
screen_0389,surrogate_screening,False,False,NUIG_2024,1200.0,20,0.9,0.3,max_dTdt,constant_volume,750.0,ignition_temperature_K,completed,0.0001669190539283689,2955.5071916300803,2955.507191653922,2310,True,,0.21150760000000446
screen_0390,surrogate_screening,False,False,NUIG_2024,1200.0,20,0.9,0.4,max_dTdt,constant_volume,750.0,ignition_temperature_K,completed,0.00011749640502431315,2970.5282579814643,2970.5282580610174,2323,True,,0.20686659999955737
screen_0391,surrogate_screening,False,False,NUIG_2024,1200.0,20,0.9,0.5,max_dTdt,constant_volume,750.0,ignition_temperature_K,completed,9.27525315707315e-05,2985.3060218783303,2985.3060219190916,2137,True,,0.1869776000003185
screen_0392,surrogate_screening,False,False,NUIG_2024,1200.0,20,0.9,0.7,max_dTdt,constant_volume,750.0,ignition_temperature_K,completed,7.069147122365578e-05,3014.1545598514845,3014.154559929514,2424,True,,0.22366429999965476
screen_0393,surrogate_screening,False,False,NUIG_2024,1200.0,20,1.0,0.0,max_dTdt,constant_volume,750.0,ignition_temperature_K,completed,0.007131951917147507,2964.954081199275,2964.954081215104,3012,True,,0.25819550000051095
screen_0394,surrogate_screening,False,False,NUIG_2024,1200.0,20,1.0,0.05,max_dTdt,constant_volume,750.0,ignition_temperature_K,completed,0.001774281913543942,2972.6608523088007,2972.6608524463745,2618,True,,0.21366740000030404
screen_0395,surrogate_screening,False,False,NUIG_2024,1200.0,20,1.0,0.1,max_dTdt,constant_volume,750.0,ignition_temperature_K,completed,0.0007595002454282081,2980.306558954251,2980.306559009435,2560,True,,0.22933550000016112
screen_0396,surrogate_screening,False,False,NUIG_2024,1200.0,20,1.0,0.2,max_dTdt,constant_volume,750.0,ignition_temperature_K,completed,0.0002742399990652022,2995.4174421057264,2995.4174422105075,2487,True,,0.22761629999968136
screen_0397,surrogate_screening,False,False,NUIG_2024,1200.0,20,1.0,0.3,max_dTdt,constant_volume,750.0,ignition_temperature_K,completed,0.00015881911157143342,3010.29203852588,3010.2920385616235,2136,True,,0.19461950000004435
screen_0398,surrogate_screening,False,False,NUIG_2024,1200.0,20,1.0,0.4,max_dTdt,constant_volume,750.0,ignition_temperature_K,completed,0.00011253719291582967,3024.935615359781,3024.9356154069537,2166,True,,0.19007260000034876
screen_0399,surrogate_screening,False,False,NUIG_2024,1200.0,20,1.0,0.5,max_dTdt,constant_volume,750.0,ignition_temperature_K,completed,8.920911624507804e-05,3039.353388948036,3039.3533890003428,2218,True,,0.2002769000000626
screen_0400,surrogate_screening,False,False,NUIG_2024,1200.0,20,1.0,0.7,max_dTdt,constant_volume,750.0,ignition_temperature_K,completed,6.83655690286581e-05,3067.5320902551375,3067.53209027373,2290,True,,0.1986159999996744
screen_0401,surrogate_screening,False,False,NUIG_2024,1200.0,20,1.1,0.0,max_dTdt,constant_volume,750.0,ignition_temperature_K,completed,0.0072305001795394406,2971.714158627813,2971.714158662407,2851,True,,0.22463150000021415
screen_0402,surrogate_screening,False,False,NUIG_2024,1200.0,20,1.1,0.05,max_dTdt,constant_volume,750.0,ignition_temperature_K,completed,0.0016964736048774298,2980.29290396124,2980.2929040495346,2813,True,,0.22541530000034982
screen_0403,surrogate_screening,False,False,NUIG_2024,1200.0,20,1.1,0.1,max_dTdt,constant_volume,750.0,ignition_temperature_K,completed,0.00071361408509151,2988.780902188606,2988.7809022321326,2501,True,,0.23453849999987142
screen_0404,surrogate_screening,False,False,NUIG_2024,1200.0,20,1.1,0.2,max_dTdt,constant_volume,750.0,ignition_temperature_K,completed,0.00026120132215210764,3005.4916105362377,3005.4916106399287,2317,True,,0.20484549999946466
screen_0405,surrogate_screening,False,False,NUIG_2024,1200.0,20,1.1,0.3,max_dTdt,constant_volume,750.0,ignition_temperature_K,completed,0.00015267369268632603,3021.8598602296374,3021.8598602891775,2297,True,,0.200707599999987
screen_0406,surrogate_screening,False,False,NUIG_2024,1200.0,20,1.1,0.4,max_dTdt,constant_volume,750.0,ignition_temperature_K,completed,0.00010870711023124305,3037.8986784236586,3037.8986784236586,2295,True,,0.1896677999993699
screen_0407,surrogate_screening,False,False,NUIG_2024,1200.0,20,1.1,0.5,max_dTdt,constant_volume,750.0,ignition_temperature_K,completed,8.643371389352594e-05,3053.6205293380494,3053.6205294302126,2276,True,,0.18589019999944867
screen_0408,surrogate_screening,False,False,NUIG_2024,1200.0,20,1.1,0.7,max_dTdt,constant_volume,750.0,ignition_temperature_K,completed,6.650567839728675e-05,3084.1603827329914,3084.1603828018447,2328,True,,0.1944088999998712
screen_0409,surrogate_screening,False,False,NUIG_2024,1200.0,20,1.2,0.0,max_dTdt,constant_volume,750.0,ignition_temperature_K,completed,0.007335157936366973,2941.85840293749,2941.8584029852827,2874,True,,0.25713830000040616
screen_0410,surrogate_screening,False,False,NUIG_2024,1200.0,20,1.2,0.05,max_dTdt,constant_volume,750.0,ignition_temperature_K,completed,0.0016333313763074717,2952.0325348029282,2952.032534808089,2776,True,,0.2371696999998676
screen_0411,surrogate_screening,False,False,NUIG_2024,1200.0,20,1.2,0.1,max_dTdt,constant_volume,750.0,ignition_temperature_K,completed,0.0006783000907919782,2962.0778963768903,2962.0778964435667,2627,True,,0.23882880000019213
screen_0412,surrogate_screening,False,False,NUIG_2024,1200.0,20,1.2,0.2,max_dTdt,constant_volume,750.0,ignition_temperature_K,completed,0.0002513110068777509,2981.789313915997,2981.789314001796,2530,True,,0.21555520000038086
screen_0413,surrogate_screening,False,False,NUIG_2024,1200.0,20,1.2,0.3,max_dTdt,constant_volume,750.0,ignition_temperature_K,completed,0.00014793669916539443,3001.007369188826,3001.0073692647966,2286,True,,0.2007912999997643
screen_0414,surrogate_screening,False,False,NUIG_2024,1200.0,20,1.2,0.4,max_dTdt,constant_volume,750.0,ignition_temperature_K,completed,0.00010570081136918855,3019.7476735923547,3019.7476736078897,2356,True,,0.203560899999502
screen_0415,surrogate_screening,False,False,NUIG_2024,1200.0,20,1.2,0.5,max_dTdt,constant_volume,750.0,ignition_temperature_K,completed,8.42285723512106e-05,3038.026437939686,3038.0264379537794,2232,True,,0.19224490000033256
screen_0416,surrogate_screening,False,False,NUIG_2024,1200.0,20,1.2,0.7,max_dTdt,constant_volume,750.0,ignition_temperature_K,completed,6.49994941792262e-05,3073.2656434791934,3073.265643515387,2375,True,,0.19670240000050399
screen_0417,surrogate_screening,False,False,NUIG_2024,1200.0,20,1.3,0.0,max_dTdt,constant_volume,750.0,ignition_temperature_K,completed,0.007445112131505778,2894.998698984539,2894.998699000912,2871,True,,1.5901279999998224
screen_0418,surrogate_screening,False,False,NUIG_2024,1200.0,20,1.3,0.05,max_dTdt,constant_volume,750.0,ignition_temperature_K,completed,0.0015819654447072598,2906.756130849877,2906.7561308572635,2717,True,,0.247105599999486
screen_0419,surrogate_screening,False,False,NUIG_2024,1200.0,20,1.3,0.1,max_dTdt,constant_volume,750.0,ignition_temperature_K,completed,0.0006508595901146692,2918.366935981677,2918.3669360176696,2687,True,,0.24226200000066456
screen_0420,surrogate_screening,False,False,NUIG_2024,1200.0,20,1.3,0.2,max_dTdt,constant_volume,750.0,ignition_temperature_K,completed,0.00024373139307743414,2941.1508041574925,2941.150804189335,2401,True,,0.20623049999994691
screen_0421,surrogate_screening,False,False,NUIG_2024,1200.0,20,1.3,0.3,max_dTdt,constant_volume,750.0,ignition_temperature_K,completed,0.0001442564662991643,2963.356215265442,2963.3562152686395,2384,True,,0.21198810000078083
screen_0422,surrogate_screening,False,False,NUIG_2024,1200.0,20,1.3,0.4,max_dTdt,constant_volume,750.0,ignition_temperature_K,completed,0.00010333448003715683,2984.9915126351243,2984.991512681116,2380,True,,0.20169310000073892
screen_0423,surrogate_screening,False,False,NUIG_2024,1200.0,20,1.3,0.5,max_dTdt,constant_volume,750.0,ignition_temperature_K,completed,8.246541481350305e-05,3006.067179080897,3006.0671790839733,2348,True,,0.20363240000006044
screen_0424,surrogate_screening,False,False,NUIG_2024,1200.0,20,1.3,0.7,max_dTdt,constant_volume,750.0,ignition_temperature_K,completed,6.376427313312344e-05,3046.590399827369,3046.5903998296667,2328,True,,0.1931137999999919
screen_0425,surrogate_screening,False,False,NUIG_2024,1200.0,20,1.4,0.0,max_dTdt,constant_volume,750.0,ignition_temperature_K,completed,0.007559733044603312,2841.6212735030736,2841.6212735116,2885,True,,0.23538319999988744
screen_0426,surrogate_screening,False,False,NUIG_2024,1200.0,20,1.4,0.05,max_dTdt,constant_volume,750.0,ignition_temperature_K,completed,0.0015401598491715195,2854.7852230052076,2854.7852230065305,2743,True,,0.23028590000012628
screen_0427,surrogate_screening,False,False,NUIG_2024,1200.0,20,1.4,0.1,max_dTdt,constant_volume,750.0,ignition_temperature_K,completed,0.0006294122716498658,2867.796403868267,2867.7964038877362,2554,True,,0.2148209000006318
screen_0428,surrogate_screening,False,False,NUIG_2024,1200.0,20,1.4,0.2,max_dTdt,constant_volume,750.0,ignition_temperature_K,completed,0.00023789654981642356,2893.3578665798013,2893.35786659658,2651,True,,0.22702839999965363
screen_0429,surrogate_screening,False,False,NUIG_2024,1200.0,20,1.4,0.3,max_dTdt,constant_volume,750.0,ignition_temperature_K,completed,0.00014139696024113445,2918.3023993196934,2918.3023993408806,2523,True,,0.2245558999993591
screen_0430,surrogate_screening,False,False,NUIG_2024,1200.0,20,1.4,0.4,max_dTdt,constant_volume,750.0,ignition_temperature_K,completed,0.00010146139811544242,2942.62976042371,2942.629760438069,2338,True,,0.1962586999998166
screen_0431,surrogate_screening,False,False,NUIG_2024,1200.0,20,1.4,0.5,max_dTdt,constant_volume,750.0,ignition_temperature_K,completed,8.10539992950381e-05,2966.3425992161156,2966.3425992472,2145,True,,0.19154140000046027
screen_0432,surrogate_screening,False,False,NUIG_2024,1200.0,20,1.4,0.7,max_dTdt,constant_volume,750.0,ignition_temperature_K,completed,6.27456454103544e-05,3011.9485894847776,3011.9485894915038,2295,True,,0.196146399999634
